"","filenames","","","","","","","","","","","","","","",""
"1","output_nomerge/nomerge89.nex.best_scheme.nex","TNe+I+G4: sia_pos1,","JC+I+G4: sia_pos2,","TN+F+I+G4: sia_pos3,","K2P+I+G4: bdnf_pos1,","TVMe+I+G4: bdnf_pos2,","TIMe+I+G4: bdnf_pos3,","TIM2+F+I+G4: nxc_pos1,","TIM3e+I+G4: nxc_pos2,","TN+F+G4: nxc_pos3,","TIM2e+I+G4: cyb_pos1,","GTR+F+I+G4: cyb_pos2,","GTR+F+ASC+G4: cyb_pos3,","TIM2+F+I+G4: nd4_pos1,","GTR+F+I+G4: nd4_pos2,","TN+F+ASC+G4: nd4_pos3;"
"2","output_nomerge/nomerge18.nex.best_scheme.nex","TNe+I+G4: sia_pos1,","JC+I+G4: sia_pos2,","TN+F+I+G4: sia_pos3,","K2P+I+G4: bdnf_pos1,","TVMe+I+G4: bdnf_pos2,","TIMe+I+G4: bdnf_pos3,","TIM2+F+I+G4: nxc_pos1,","TIM3e+I+G4: nxc_pos2,","TN+F+G4: nxc_pos3,","TIM2e+I+G4: cyb_pos1,","GTR+F+I+G4: cyb_pos2,","TIM2+F+ASC+G4: cyb_pos3,","TIM2+F+I+G4: nd4_pos1,","GTR+F+I+G4: nd4_pos2,","TN+F+ASC+G4: nd4_pos3;"
"3","output_nomerge/nomerge96.nex.best_scheme.nex","TNe+I+G4: sia_pos1,","JC+I+G4: sia_pos2,","TN+F+I+G4: sia_pos3,","K2P+I+G4: bdnf_pos1,","TVMe+I+G4: bdnf_pos2,","TIMe+I+G4: bdnf_pos3,","TIM2+F+I+G4: nxc_pos1,","TIM3e+I+G4: nxc_pos2,","TN+F+G4: nxc_pos3,","TIM2e+I+G4: cyb_pos1,","GTR+F+I+G4: cyb_pos2,","TIM2+F+ASC+G4: cyb_pos3,","TIM2+F+I+G4: nd4_pos1,","GTR+F+I+G4: nd4_pos2,","TN+F+ASC+G4: nd4_pos3;"
"4","output_nomerge/nomerge37.nex.best_scheme.nex","TNe+I+G4: sia_pos1,","JC+I+G4: sia_pos2,","TN+F+I+G4: sia_pos3,","K2P+I+G4: bdnf_pos1,","TVMe+I+G4: bdnf_pos2,","TIMe+I+G4: bdnf_pos3,","TIM2+F+I+G4: nxc_pos1,","TIM3e+I+G4: nxc_pos2,","TN+F+G4: nxc_pos3,","TIM2e+I+G4: cyb_pos1,","GTR+F+I+G4: cyb_pos2,","TIM2+F+ASC+G4: cyb_pos3,","TIM2+F+I+G4: nd4_pos1,","GTR+F+I+G4: nd4_pos2,","TN+F+ASC+G4: nd4_pos3;"
"5","output_nomerge/nomerge85.nex.best_scheme.nex","TNe+I+G4: sia_pos1,","JC+I+G4: sia_pos2,","TN+F+I+G4: sia_pos3,","K2P+I+G4: bdnf_pos1,","TVMe+I+G4: bdnf_pos2,","TIMe+I+G4: bdnf_pos3,","TIM2+F+I+G4: nxc_pos1,","TIM3e+I+G4: nxc_pos2,","TN+F+G4: nxc_pos3,","TIM2e+I+G4: cyb_pos1,","GTR+F+I+G4: cyb_pos2,","TIM2+F+ASC+G4: cyb_pos3,","TIM2+F+I+G4: nd4_pos1,","GTR+F+I+G4: nd4_pos2,","TN+F+ASC+G4: nd4_pos3;"
"6","output_nomerge/nomerge17.nex.best_scheme.nex","TNe+I+G4: sia_pos1,","JC+I+G4: sia_pos2,","TN+F+I+G4: sia_pos3,","K2P+I+G4: bdnf_pos1,","TVMe+I+G4: bdnf_pos2,","TIMe+I+G4: bdnf_pos3,","TIM2+F+I+G4: nxc_pos1,","TIM3e+I+G4: nxc_pos2,","TN+F+G4: nxc_pos3,","TPM2+I+G4: cyb_pos1,","GTR+F+I+G4: cyb_pos2,","TIM2+F+ASC+G4: cyb_pos3,","TIM2+F+I+G4: nd4_pos1,","GTR+F+I+G4: nd4_pos2,","TN+F+ASC+G4: nd4_pos3;"
"7","output_nomerge/nomerge26.nex.best_scheme.nex","TNe+I+G4: sia_pos1,","JC+I+G4: sia_pos2,","TN+F+I+G4: sia_pos3,","K2P+I+G4: bdnf_pos1,","TVMe+I+G4: bdnf_pos2,","TIMe+I+G4: bdnf_pos3,","TIM2+F+I+G4: nxc_pos1,","TIM3e+I+G4: nxc_pos2,","TN+F+G4: nxc_pos3,","TIM2e+I+G4: cyb_pos1,","GTR+F+I+G4: cyb_pos2,","TIM2+F+ASC+G4: cyb_pos3,","TIM2+F+I+G4: nd4_pos1,","GTR+F+I+G4: nd4_pos2,","TN+F+ASC+G4: nd4_pos3;"
"8","output_nomerge/nomerge65.nex.best_scheme.nex","TNe+I+G4: sia_pos1,","JC+I+G4: sia_pos2,","TN+F+I+G4: sia_pos3,","K2P+I+G4: bdnf_pos1,","TVMe+I+G4: bdnf_pos2,","TIMe+I+G4: bdnf_pos3,","TIM2+F+I+G4: nxc_pos1,","TIM3+F+I+G4: nxc_pos2,","TN+F+G4: nxc_pos3,","TPM2+I+G4: cyb_pos1,","GTR+F+I+G4: cyb_pos2,","TIM2+F+ASC+G4: cyb_pos3,","TIM2+F+I+G4: nd4_pos1,","GTR+F+I+G4: nd4_pos2,","TN+F+ASC+G4: nd4_pos3;"
"9","output_nomerge/nomerge53.nex.best_scheme.nex","TNe+I+G4: sia_pos1,","JC+I+G4: sia_pos2,","TN+F+I+G4: sia_pos3,","K2P+I+G4: bdnf_pos1,","TVMe+I+G4: bdnf_pos2,","TPM3+I+G4: bdnf_pos3,","TIM2+F+I+G4: nxc_pos1,","TIM3e+I+G4: nxc_pos2,","TN+F+G4: nxc_pos3,","TPM2+I+G4: cyb_pos1,","GTR+F+I+G4: cyb_pos2,","TIM2+F+ASC+G4: cyb_pos3,","TIM2+F+I+G4: nd4_pos1,","GTR+F+I+G4: nd4_pos2,","TN+F+ASC+G4: nd4_pos3;"
"10","output_nomerge/nomerge07.nex.best_scheme.nex","TNe+I+G4: sia_pos1,","JC+I+G4: sia_pos2,","TN+F+I+G4: sia_pos3,","K2P+I+G4: bdnf_pos1,","TVMe+I+G4: bdnf_pos2,","TIMe+I+G4: bdnf_pos3,","TIM2+F+I+G4: nxc_pos1,","TIM3+F+I+G4: nxc_pos2,","TN+F+G4: nxc_pos3,","TIM2e+I+G4: cyb_pos1,","GTR+F+I+G4: cyb_pos2,","TIM2+F+ASC+G4: cyb_pos3,","TIM2+F+I+G4: nd4_pos1,","GTR+F+I+G4: nd4_pos2,","TN+F+ASC+G4: nd4_pos3;"
"11","output_nomerge/nomerge82.nex.best_scheme.nex","TNe+I+G4: sia_pos1,","JC+I+G4: sia_pos2,","TN+F+G4: sia_pos3,","K2P+I+G4: bdnf_pos1,","TVMe+I+G4: bdnf_pos2,","TIMe+I+G4: bdnf_pos3,","TIM2+F+I+G4: nxc_pos1,","TIM3+F+I+G4: nxc_pos2,","TN+F+G4: nxc_pos3,","TIM2e+I+G4: cyb_pos1,","GTR+F+I+G4: cyb_pos2,","TIM2+F+ASC+G4: cyb_pos3,","TIM2+F+I+G4: nd4_pos1,","GTR+F+I+G4: nd4_pos2,","TN+F+ASC+G4: nd4_pos3;"
"12","output_nomerge/nomerge10.nex.best_scheme.nex","TNe+I+G4: sia_pos1,","JC+I+G4: sia_pos2,","TN+F+G4: sia_pos3,","K2P+G4: bdnf_pos1,","TVMe+I+G4: bdnf_pos2,","TIMe+I+G4: bdnf_pos3,","TIM2+F+I+G4: nxc_pos1,","TIM3+F+I+G4: nxc_pos2,","TN+F+G4: nxc_pos3,","TPM2+I+G4: cyb_pos1,","GTR+F+I+G4: cyb_pos2,","TIM2+F+ASC+G4: cyb_pos3,","TIM2+F+I+G4: nd4_pos1,","GTR+F+I+G4: nd4_pos2,","TN+F+ASC+G4: nd4_pos3;"
"13","output_nomerge/nomerge62.nex.best_scheme.nex","TNe+I+G4: sia_pos1,","JC+I+G4: sia_pos2,","TN+F+I+G4: sia_pos3,","K2P+I+G4: bdnf_pos1,","TVMe+I+G4: bdnf_pos2,","TIMe+I+G4: bdnf_pos3,","TIM2+F+I+G4: nxc_pos1,","TIM3e+I+G4: nxc_pos2,","TN+F+G4: nxc_pos3,","TIM2e+I+G4: cyb_pos1,","GTR+F+I+G4: cyb_pos2,","GTR+F+ASC+G4: cyb_pos3,","TIM2+F+I+G4: nd4_pos1,","GTR+F+I+G4: nd4_pos2,","TN+F+ASC+G4: nd4_pos3;"
"14","output_nomerge/nomerge08.nex.best_scheme.nex","TNe+I+G4: sia_pos1,","JC+I+G4: sia_pos2,","TN+F+I+G4: sia_pos3,","K2P+G4: bdnf_pos1,","TVMe+I+G4: bdnf_pos2,","TIMe+I+G4: bdnf_pos3,","TIM2+F+I+G4: nxc_pos1,","TIM3e+I+G4: nxc_pos2,","TN+F+G4: nxc_pos3,","TIM2e+I+G4: cyb_pos1,","GTR+F+I+G4: cyb_pos2,","TIM2+F+ASC+G4: cyb_pos3,","TIM2+F+I+G4: nd4_pos1,","GTR+F+I+G4: nd4_pos2,","TN+F+ASC+G4: nd4_pos3;"
"15","output_nomerge/nomerge25.nex.best_scheme.nex","TNe+I+G4: sia_pos1,","JC+I+G4: sia_pos2,","TN+F+I+G4: sia_pos3,","K2P+I+G4: bdnf_pos1,","TVMe+I+G4: bdnf_pos2,","TIMe+I+G4: bdnf_pos3,","TIM2+F+I+G4: nxc_pos1,","TIM3e+I+G4: nxc_pos2,","TN+F+G4: nxc_pos3,","TIM2e+I+G4: cyb_pos1,","GTR+F+I+G4: cyb_pos2,","TIM2+F+ASC+G4: cyb_pos3,","TIM2+F+I+G4: nd4_pos1,","GTR+F+I+G4: nd4_pos2,","TN+F+ASC+G4: nd4_pos3;"
"16","output_nomerge/nomerge76.nex.best_scheme.nex","TNe+I+G4: sia_pos1,","JC+I+G4: sia_pos2,","TN+F+I+G4: sia_pos3,","K2P+I+G4: bdnf_pos1,","TVMe+I+G4: bdnf_pos2,","TIMe+I+G4: bdnf_pos3,","TIM2+F+I+G4: nxc_pos1,","TIM3e+I+G4: nxc_pos2,","TN+F+G4: nxc_pos3,","TPM2+I+G4: cyb_pos1,","GTR+F+I+G4: cyb_pos2,","TIM2+F+ASC+G4: cyb_pos3,","TIM2+F+I+G4: nd4_pos1,","GTR+F+I+G4: nd4_pos2,","TN+F+ASC+G4: nd4_pos3;"
"17","output_nomerge/nomerge84.nex.best_scheme.nex","TNe+I+G4: sia_pos1,","JC+I+G4: sia_pos2,","TN+F+I+G4: sia_pos3,","K2P+I+G4: bdnf_pos1,","TVMe+I+G4: bdnf_pos2,","TIMe+I+G4: bdnf_pos3,","TIM2+F+I+G4: nxc_pos1,","TIM3e+I+G4: nxc_pos2,","TN+F+G4: nxc_pos3,","TIM2e+I+G4: cyb_pos1,","GTR+F+I+G4: cyb_pos2,","TIM2+F+ASC+G4: cyb_pos3,","TIM2+F+I+G4: nd4_pos1,","GTR+F+I+G4: nd4_pos2,","TN+F+ASC+G4: nd4_pos3;"
"18","output/merge92.nex.best_scheme.nex","SYM+I+G4: sia_pos1_bdnf_pos2_nxc_pos1,","GTR+F+I+G4: sia_pos2_bdnf_pos3_nxc_pos2,","TN+F+I+G4: sia_pos3,","K2P+G4: bdnf_pos1_nxc_pos3,","GTR+F+I+G4: cyb_pos1_nd4_pos1,","GTR+F+I+G4: cyb_pos2_nd4_pos2,","TIM2+F+ASC+G4: cyb_pos3,","TN+F+ASC+G4: nd4_pos3;",NA,NA,NA,NA,NA,NA,NA
"19","output_nomerge/nomerge15.nex.best_scheme.nex","TNe+I+G4: sia_pos1,","JC+I+G4: sia_pos2,","TN+F+G4: sia_pos3,","K2P+I+G4: bdnf_pos1,","TVMe+I+G4: bdnf_pos2,","TIMe+I+G4: bdnf_pos3,","TIM2+F+I+G4: nxc_pos1,","TIM3e+I+G4: nxc_pos2,","TN+F+G4: nxc_pos3,","TPM2+I+G4: cyb_pos1,","GTR+F+I+G4: cyb_pos2,","TIM2+F+ASC+G4: cyb_pos3,","TIM2+F+I+G4: nd4_pos1,","GTR+F+I+G4: nd4_pos2,","TN+F+ASC+G4: nd4_pos3;"
"20","output/merge99.nex.best_scheme.nex","SYM+I+G4: sia_pos1_sia_pos2_bdnf_pos2_bdnf_pos3_nxc_pos1,","HKY+F+I+G4: sia_pos3_bdnf_pos1,","TIM3e+I+G4: nxc_pos2,","TN+F+G4: nxc_pos3,","GTR+F+I+G4: cyb_pos1_nd4_pos1,","GTR+F+I+G4: cyb_pos2_nd4_pos2,","TIM2+F+ASC+G4: cyb_pos3,","TN+F+ASC+G4: nd4_pos3;",NA,NA,NA,NA,NA,NA,NA
"21","output_nomerge/nomerge91.nex.best_scheme.nex","TNe+I+G4: sia_pos1,","JC+I+G4: sia_pos2,","TN+F+G4: sia_pos3,","K2P+I+G4: bdnf_pos1,","TVMe+I+G4: bdnf_pos2,","TIMe+I+G4: bdnf_pos3,","TIM2+F+I+G4: nxc_pos1,","TIM3+F+I+G4: nxc_pos2,","TN+F+G4: nxc_pos3,","TIM2e+I+G4: cyb_pos1,","GTR+F+I+G4: cyb_pos2,","TIM2+F+ASC+G4: cyb_pos3,","TIM2+F+I+G4: nd4_pos1,","GTR+F+I+G4: nd4_pos2,","TN+F+ASC+G4: nd4_pos3;"
"22","output_nomerge/nomerge14.nex.best_scheme.nex","TNe+I+G4: sia_pos1,","JC+I+G4: sia_pos2,","TN+F+I+G4: sia_pos3,","K2P+G4: bdnf_pos1,","TVMe+I+G4: bdnf_pos2,","TIMe+I+G4: bdnf_pos3,","TIM2+F+I+G4: nxc_pos1,","TIM3e+I+G4: nxc_pos2,","TN+F+G4: nxc_pos3,","TIM2e+I+G4: cyb_pos1,","GTR+F+I+G4: cyb_pos2,","TIM2+F+ASC+G4: cyb_pos3,","TIM2+F+I+G4: nd4_pos1,","GTR+F+I+G4: nd4_pos2,","TN+F+ASC+G4: nd4_pos3;"
"23","output/merge47.nex.best_scheme.nex","SYM+I+G4: sia_pos1_bdnf_pos2_nxc_pos1,","GTR+F+I+G4: sia_pos2_bdnf_pos3_nxc_pos2,","TN+F+I+G4: sia_pos3,","K2P+I+G4: bdnf_pos1_nxc_pos3,","GTR+F+I+G4: cyb_pos1_nd4_pos1,","GTR+F+I+G4: cyb_pos2_nd4_pos2,","TIM2+F+ASC+G4: cyb_pos3,","TN+F+ASC+G4: nd4_pos3;",NA,NA,NA,NA,NA,NA,NA
"24","output/merge65.nex.best_scheme.nex","SYM+I+G4: sia_pos1_bdnf_pos2_bdnf_pos3_nxc_pos1,","TIM3e+I+G4: sia_pos2_nxc_pos2,","HKY+F+I+G4: sia_pos3_bdnf_pos1,","TN+F+G4: nxc_pos3,","GTR+F+I+G4: cyb_pos1_nd4_pos1,","GTR+F+I+G4: cyb_pos2_nd4_pos2,","GTR+F+G4: cyb_pos3,","TN+F+ASC+G4: nd4_pos3;",NA,NA,NA,NA,NA,NA,NA
"25","output/merge56.nex.best_scheme.nex","SYM+I+G4: sia_pos1_bdnf_pos2_bdnf_pos3_nxc_pos1,","TIM3e+I+G4: sia_pos2_nxc_pos2,","TN+F+I+G4: sia_pos3,","K2P+G4: bdnf_pos1_nxc_pos3,","GTR+F+I+G4: cyb_pos1_nd4_pos1,","GTR+F+I+G4: cyb_pos2_nd4_pos2,","TIM2+F+ASC+G4: cyb_pos3,","TN+F+ASC+G4: nd4_pos3;",NA,NA,NA,NA,NA,NA,NA
"26","output_nomerge/nomerge01.nex.best_scheme.nex","TNe+I+G4: sia_pos1,","JC+I+G4: sia_pos2,","TN+F+I+G4: sia_pos3,","K2P+G4: bdnf_pos1,","TVMe+I+G4: bdnf_pos2,","TIMe+I+G4: bdnf_pos3,","TIM2+F+I+G4: nxc_pos1,","TIM3+F+I+G4: nxc_pos2,","TN+F+G4: nxc_pos3,","TPM2+I+G4: cyb_pos1,","GTR+F+I+G4: cyb_pos2,","GTR+F+ASC+G4: cyb_pos3,","TIM2+F+I+G4: nd4_pos1,","GTR+F+I+G4: nd4_pos2,","TN+F+ASC+G4: nd4_pos3;"
"27","output_nomerge/nomerge46.nex.best_scheme.nex","TNe+I+G4: sia_pos1,","JC+I+G4: sia_pos2,","TN+F+I+G4: sia_pos3,","K2P+I+G4: bdnf_pos1,","TVMe+I+G4: bdnf_pos2,","JC+I+G4: bdnf_pos3,","TIM2+F+I+G4: nxc_pos1,","TIM3e+I+G4: nxc_pos2,","TN+F+G4: nxc_pos3,","TIM2e+I+G4: cyb_pos1,","GTR+F+I+G4: cyb_pos2,","TIM2+F+ASC+G4: cyb_pos3,","TIM2+F+I+G4: nd4_pos1,","GTR+F+I+G4: nd4_pos2,","TN+F+ASC+G4: nd4_pos3;"
"28","output/merge75.nex.best_scheme.nex","SYM+I+G4: sia_pos1_bdnf_pos2_nxc_pos1,","GTR+F+I+G4: sia_pos2_bdnf_pos3_nxc_pos2,","HKY+F+I+G4: sia_pos3_bdnf_pos1,","TN+F+G4: nxc_pos3,","GTR+F+I+G4: cyb_pos1_nd4_pos1,","GTR+F+I+G4: cyb_pos2_nd4_pos2,","TIM2+F+ASC+G4: cyb_pos3,","TN+F+ASC+G4: nd4_pos3;",NA,NA,NA,NA,NA,NA,NA
"29","output_nomerge/nomerge86.nex.best_scheme.nex","TNe+I+G4: sia_pos1,","JC+I+G4: sia_pos2,","TN+F+I+G4: sia_pos3,","K2P+I+G4: bdnf_pos1,","TVMe+I+G4: bdnf_pos2,","TIMe+I+G4: bdnf_pos3,","TIM2+F+I+G4: nxc_pos1,","TIM3+F+I+G4: nxc_pos2,","TN+F+G4: nxc_pos3,","TPM2+I+G4: cyb_pos1,","GTR+F+I+G4: cyb_pos2,","TIM2+F+ASC+G4: cyb_pos3,","TIM2+F+I+G4: nd4_pos1,","GTR+F+I+G4: nd4_pos2,","TN+F+ASC+G4: nd4_pos3;"
"30","output_nomerge/nomerge20.nex.best_scheme.nex","TNe+I+G4: sia_pos1,","JC+I+G4: sia_pos2,","TN+F+I+G4: sia_pos3,","K2P+G4: bdnf_pos1,","TVMe+I+G4: bdnf_pos2,","TIMe+I+G4: bdnf_pos3,","TIM2+F+I+G4: nxc_pos1,","TIM3e+I+G4: nxc_pos2,","TN+F+G4: nxc_pos3,","TIM2e+I+G4: cyb_pos1,","GTR+F+I+G4: cyb_pos2,","TIM2+F+ASC+G4: cyb_pos3,","TIM2+F+I+G4: nd4_pos1,","GTR+F+I+G4: nd4_pos2,","TN+F+ASC+G4: nd4_pos3;"
"31","output_nomerge/nomerge72.nex.best_scheme.nex","TNe+I+G4: sia_pos1,","JC+I+G4: sia_pos2,","TN+F+I+G4: sia_pos3,","K2P+G4: bdnf_pos1,","TVMe+I+G4: bdnf_pos2,","TIMe+I+G4: bdnf_pos3,","TIM2+F+I+G4: nxc_pos1,","TIM3e+I+G4: nxc_pos2,","TN+F+G4: nxc_pos3,","TPM2+I+G4: cyb_pos1,","GTR+F+I+G4: cyb_pos2,","TIM2+F+ASC+G4: cyb_pos3,","TIM2+F+I+G4: nd4_pos1,","GTR+F+I+G4: nd4_pos2,","TN+F+ASC+G4: nd4_pos3;"
"32","output/merge36.nex.best_scheme.nex","SYM+I+G4: sia_pos1_sia_pos2_bdnf_pos2_bdnf_pos3_nxc_pos1,","TN+F+I+G4: sia_pos3,","TNe+I+G4: bdnf_pos1_nxc_pos3,","GTR+F+I+G4: nxc_pos2,","GTR+F+I+G4: cyb_pos1_nd4_pos1,","GTR+F+I+G4: cyb_pos2_nd4_pos2,","TIM2+F+ASC+G4: cyb_pos3,","TN+F+ASC+G4: nd4_pos3;",NA,NA,NA,NA,NA,NA,NA
"33","output/merge91.nex.best_scheme.nex","SYM+I+G4: sia_pos1_bdnf_pos2_bdnf_pos3_nxc_pos1,","TIM3e+I+G4: sia_pos2_nxc_pos2,","TN+F+I+G4: sia_pos3_bdnf_pos1,","TN+F+G4: nxc_pos3,","GTR+F+I+G4: cyb_pos1_nd4_pos1,","GTR+F+I+G4: cyb_pos2_nd4_pos2,","TIM2+F+ASC+G4: cyb_pos3,","TN+F+ASC+G4: nd4_pos3;",NA,NA,NA,NA,NA,NA,NA
"34","output_nomerge/nomerge67.nex.best_scheme.nex","TNe+I+G4: sia_pos1,","JC+I+G4: sia_pos2,","TN+F+I+G4: sia_pos3,","K2P+I+G4: bdnf_pos1,","TVMe+I+G4: bdnf_pos2,","TIMe+I+G4: bdnf_pos3,","TIM2+F+I+G4: nxc_pos1,","TIM3e+I+G4: nxc_pos2,","TN+F+G4: nxc_pos3,","TIM2e+I+G4: cyb_pos1,","GTR+F+I+G4: cyb_pos2,","TIM2+F+ASC+G4: cyb_pos3,","TIM2+F+I+G4: nd4_pos1,","GTR+F+I+G4: nd4_pos2,","TN+F+ASC+G4: nd4_pos3;"
"35","output_nomerge/nomerge43.nex.best_scheme.nex","TNe+I+G4: sia_pos1,","JC+I+G4: sia_pos2,","TN+F+G4: sia_pos3,","K2P+I+G4: bdnf_pos1,","TVMe+I+G4: bdnf_pos2,","TIMe+I+G4: bdnf_pos3,","TIM2+F+I+G4: nxc_pos1,","TIM3e+I+G4: nxc_pos2,","TN+F+G4: nxc_pos3,","TPM2+I+G4: cyb_pos1,","GTR+F+I+G4: cyb_pos2,","TIM2+F+ASC+G4: cyb_pos3,","TIM2+F+I+G4: nd4_pos1,","GTR+F+I+G4: nd4_pos2,","TN+F+ASC+G4: nd4_pos3;"
"36","output_nomerge/nomerge11.nex.best_scheme.nex","TNe+I+G4: sia_pos1,","JC+I+G4: sia_pos2,","TN+F+G4: sia_pos3,","K2P+I+G4: bdnf_pos1,","TVMe+I+G4: bdnf_pos2,","TIMe+I+G4: bdnf_pos3,","TIM2+F+I+G4: nxc_pos1,","TIM3e+I+G4: nxc_pos2,","TN+F+G4: nxc_pos3,","TIM2e+I+G4: cyb_pos1,","GTR+F+I+G4: cyb_pos2,","TIM2+F+ASC+G4: cyb_pos3,","TIM2+F+I+G4: nd4_pos1,","GTR+F+I+G4: nd4_pos2,","TN+F+ASC+G4: nd4_pos3;"
"37","output_nomerge/nomerge54.nex.best_scheme.nex","TNe+I+G4: sia_pos1,","JC+I+G4: sia_pos2,","TN+F+I+G4: sia_pos3,","K2P+I+G4: bdnf_pos1,","TVMe+I+G4: bdnf_pos2,","TIMe+I+G4: bdnf_pos3,","TIM2+F+I+G4: nxc_pos1,","TIM3e+I+G4: nxc_pos2,","TN+F+G4: nxc_pos3,","TIM2e+I+G4: cyb_pos1,","GTR+F+I+G4: cyb_pos2,","TIM2+F+ASC+G4: cyb_pos3,","TIM2+F+I+G4: nd4_pos1,","GTR+F+I+G4: nd4_pos2,","TN+F+ASC+G4: nd4_pos3;"
"38","output/merge48.nex.best_scheme.nex","SYM+I+G4: sia_pos1_sia_pos2_bdnf_pos2_nxc_pos1,","TN+F+I+G4: sia_pos3,","K2P+G4: bdnf_pos1_nxc_pos3,","GTR+F+I+G4: bdnf_pos3_nxc_pos2,","GTR+F+I+G4: cyb_pos1_nd4_pos1,","GTR+F+I+G4: cyb_pos2_nd4_pos2,","TIM2+F+ASC+G4: cyb_pos3,","TN+F+ASC+G4: nd4_pos3;",NA,NA,NA,NA,NA,NA,NA
"39","output/merge60.nex.best_scheme.nex","TVMe+I+G4: sia_pos1_sia_pos2_bdnf_pos2_bdnf_pos3_nxc_pos1,","TN+F+I+G4: sia_pos3,","K2P+G4: bdnf_pos1_nxc_pos3,","GTR+F+I+G4: nxc_pos2,","GTR+F+I+G4: cyb_pos1_nd4_pos1,","GTR+F+I+G4: cyb_pos2_nd4_pos2,","TIM2+F+ASC+G4: cyb_pos3,","TN+F+ASC+G4: nd4_pos3;",NA,NA,NA,NA,NA,NA,NA
"40","output_nomerge/nomerge31.nex.best_scheme.nex","TNe+I+G4: sia_pos1,","JC+I+G4: sia_pos2,","TN+F+G4: sia_pos3,","K2P+I+G4: bdnf_pos1,","TVMe+I+G4: bdnf_pos2,","TIMe+I+G4: bdnf_pos3,","TIM2+F+I+G4: nxc_pos1,","TIM3+F+I+G4: nxc_pos2,","TN+F+G4: nxc_pos3,","TIM2e+I+G4: cyb_pos1,","GTR+F+I+G4: cyb_pos2,","TIM2+F+ASC+G4: cyb_pos3,","TIM2+F+I+G4: nd4_pos1,","GTR+F+I+G4: nd4_pos2,","TN+F+ASC+G4: nd4_pos3;"
"41","output/merge72.nex.best_scheme.nex","SYM+I+G4: sia_pos1_bdnf_pos2_bdnf_pos3_nxc_pos1,","TIM3e+I+G4: sia_pos2_nxc_pos2,","TN+F+G4: sia_pos3,","K2P+G4: bdnf_pos1_nxc_pos3,","GTR+F+I+G4: cyb_pos1_nd4_pos1,","GTR+F+I+G4: cyb_pos2_nd4_pos2,","TIM2+F+ASC+G4: cyb_pos3,","TN+F+ASC+G4: nd4_pos3;",NA,NA,NA,NA,NA,NA,NA
"42","output_nomerge/nomerge100.nex.best_scheme.nex","TNe+I+G4: sia_pos1,","JC+I+G4: sia_pos2,","TN+F+G4: sia_pos3,","K2P+I+G4: bdnf_pos1,","TVMe+I+G4: bdnf_pos2,","TIMe+I+G4: bdnf_pos3,","TIM2+F+I+G4: nxc_pos1,","TIM3e+I+G4: nxc_pos2,","TN+F+G4: nxc_pos3,","TPM2+I+G4: cyb_pos1,","GTR+F+I+G4: cyb_pos2,","TIM2+F+ASC+G4: cyb_pos3,","TIM2+F+I+G4: nd4_pos1,","GTR+F+I+G4: nd4_pos2,","TN+F+ASC+G4: nd4_pos3;"
"43","output/merge58.nex.best_scheme.nex","SYM+I+G4: sia_pos1_sia_pos2_bdnf_pos2_nxc_pos1,","TN+F+I+G4: sia_pos3,","K2P+G4: bdnf_pos1_nxc_pos3,","GTR+F+I+G4: bdnf_pos3_nxc_pos2,","GTR+F+I+G4: cyb_pos1_nd4_pos1,","GTR+F+I+G4: cyb_pos2_nd4_pos2,","TIM2+F+ASC+G4: cyb_pos3,","TN+F+ASC+G4: nd4_pos3;",NA,NA,NA,NA,NA,NA,NA
"44","output/merge20.nex.best_scheme.nex","GTR+F+I+G4: sia_pos1_bdnf_pos2_nxc_pos1,","GTR+F+I+G4: sia_pos2_bdnf_pos3_nxc_pos2,","HKY+F+I+G4: sia_pos3_bdnf_pos1,","TN+F+G4: nxc_pos3,","GTR+F+I+G4: cyb_pos1_nd4_pos1,","GTR+F+I+G4: cyb_pos2_nd4_pos2,","TIM2+F+ASC+G4: cyb_pos3,","TN+F+ASC+G4: nd4_pos3;",NA,NA,NA,NA,NA,NA,NA
"45","output/merge14.nex.best_scheme.nex","SYM+I+G4: sia_pos1_sia_pos2_bdnf_pos2_nxc_pos1,","TN+F+I+G4: sia_pos3,","TNe+I+G4: bdnf_pos1_nxc_pos3,","GTR+F+I+G4: bdnf_pos3_nxc_pos2,","GTR+F+I+G4: cyb_pos1_nd4_pos1,","GTR+F+I+G4: cyb_pos2_nd4_pos2,","TIM2+F+ASC+G4: cyb_pos3,","TN+F+ASC+G4: nd4_pos3;",NA,NA,NA,NA,NA,NA,NA
"46","output/merge23.nex.best_scheme.nex","GTR+F+I+G4: sia_pos1_bdnf_pos2_nxc_pos1,","TIMe+I+G4: sia_pos2_bdnf_pos3_nxc_pos2,","HKY+F+I+G4: sia_pos3_bdnf_pos1,","TN+F+G4: nxc_pos3,","GTR+F+I+G4: cyb_pos1_nd4_pos1,","GTR+F+I+G4: cyb_pos2_nd4_pos2,","TIM2+F+ASC+G4: cyb_pos3,","TN+F+ASC+G4: nd4_pos3;",NA,NA,NA,NA,NA,NA,NA
"47","output/merge63.nex.best_scheme.nex","SYM+I+G4: sia_pos1_sia_pos2_bdnf_pos2_bdnf_pos3_nxc_pos1,","HKY+F+I+G4: sia_pos3_bdnf_pos1,","GTR+F+I+G4: nxc_pos2,","TIM2e+G4: nxc_pos3,","GTR+F+I+G4: cyb_pos1_nd4_pos1,","GTR+F+I+G4: cyb_pos2_nd4_pos2,","TIM2+F+ASC+G4: cyb_pos3,","TN+F+ASC+G4: nd4_pos3;",NA,NA,NA,NA,NA,NA,NA
"48","output/merge76.nex.best_scheme.nex","K2P+I+G4: sia_pos1_sia_pos2_nxc_pos2,","HKY+F+I+G4: sia_pos3_bdnf_pos1,","TVMe+I+G4: bdnf_pos2_bdnf_pos3_nxc_pos1,","TN+F+G4: nxc_pos3,","GTR+F+I+G4: cyb_pos1_nd4_pos1,","GTR+F+I+G4: cyb_pos2_nd4_pos2,","TIM2+F+ASC+G4: cyb_pos3,","TN+F+ASC+G4: nd4_pos3;",NA,NA,NA,NA,NA,NA,NA
"49","output_nomerge/nomerge52.nex.best_scheme.nex","TNe+I+G4: sia_pos1,","JC+I+G4: sia_pos2,","TN+F+I+G4: sia_pos3,","K2P+I+G4: bdnf_pos1,","TVMe+I+G4: bdnf_pos2,","TIMe+I+G4: bdnf_pos3,","TIM2+F+I+G4: nxc_pos1,","TIM3e+I+G4: nxc_pos2,","TN+F+G4: nxc_pos3,","TPM2+I+G4: cyb_pos1,","GTR+F+I+G4: cyb_pos2,","TIM2+F+ASC+G4: cyb_pos3,","TIM2+F+I+G4: nd4_pos1,","GTR+F+I+G4: nd4_pos2,","TN+F+ASC+G4: nd4_pos3;"
"50","output/merge66.nex.best_scheme.nex","SYM+I+G4: sia_pos1_bdnf_pos2_bdnf_pos3_nxc_pos1,","TIM3e+I+G4: sia_pos2_nxc_pos2,","TN+F+I+G4: sia_pos3,","TNe+I+G4: bdnf_pos1_nxc_pos3,","GTR+F+I+G4: cyb_pos1_nd4_pos1,","GTR+F+I+G4: cyb_pos2_nd4_pos2,","TIM2+F+ASC+G4: cyb_pos3,","TN+F+ASC+G4: nd4_pos3;",NA,NA,NA,NA,NA,NA,NA
"51","output/merge79.nex.best_scheme.nex","SYM+I+G4: sia_pos1_bdnf_pos2_nxc_pos1,","GTR+F+I+G4: sia_pos2_bdnf_pos3_nxc_pos2,","TN+F+I+G4: sia_pos3,","K2P+G4: bdnf_pos1_nxc_pos3,","GTR+F+I+G4: cyb_pos1_nd4_pos1,","GTR+F+I+G4: cyb_pos2_nd4_pos2,","TIM2+F+ASC+G4: cyb_pos3,","TN+F+ASC+G4: nd4_pos3;",NA,NA,NA,NA,NA,NA,NA
"52","output/merge88.nex.best_scheme.nex","TVMe+I+G4: sia_pos1_sia_pos2_bdnf_pos2_bdnf_pos3_nxc_pos1,","HKY+F+I+G4: sia_pos3_bdnf_pos1,","TIM3+F+I+G4: nxc_pos2,","TN+F+G4: nxc_pos3,","GTR+F+I+G4: cyb_pos1_nd4_pos1,","GTR+F+I+G4: cyb_pos2_nd4_pos2,","TIM2+F+ASC+G4: cyb_pos3,","TN+F+ASC+G4: nd4_pos3;",NA,NA,NA,NA,NA,NA,NA
"53","output/merge93.nex.best_scheme.nex","K2P+I+G4: sia_pos1_sia_pos2_bdnf_pos3_nxc_pos2,","HKY+F+I+G4: sia_pos3_bdnf_pos1,","GTR+F+I+G4: bdnf_pos2_nxc_pos1,","TN+F+G4: nxc_pos3,","GTR+F+I+G4: cyb_pos1_nd4_pos1,","GTR+F+I+G4: cyb_pos2_nd4_pos2,","TIM2+F+ASC+G4: cyb_pos3,","TN+F+ASC+G4: nd4_pos3;",NA,NA,NA,NA,NA,NA,NA
"54","output_nomerge/nomerge41.nex.best_scheme.nex","TNe+I+G4: sia_pos1,","JC+I+G4: sia_pos2,","TN+F+G4: sia_pos3,","K2P+I+G4: bdnf_pos1,","TVMe+I+G4: bdnf_pos2,","TIMe+I+G4: bdnf_pos3,","TIM2+F+I+G4: nxc_pos1,","TIM3+F+I+G4: nxc_pos2,","TN+F+G4: nxc_pos3,","TPM2+I+G4: cyb_pos1,","GTR+F+I+G4: cyb_pos2,","GTR+F+ASC+G4: cyb_pos3,","TIM2+F+I+G4: nd4_pos1,","GTR+F+I+G4: nd4_pos2,","TN+F+ASC+G4: nd4_pos3;"
"55","output/merge17.nex.best_scheme.nex","GTR+F+I+G4: sia_pos1_bdnf_pos2_nxc_pos1,","GTR+F+I+G4: sia_pos2_bdnf_pos3_nxc_pos2,","HKY+F+I+G4: sia_pos3_bdnf_pos1,","TN+F+G4: nxc_pos3,","GTR+F+I+G4: cyb_pos1_nd4_pos1,","GTR+F+I+G4: cyb_pos2_nd4_pos2,","TIM2+F+ASC+G4: cyb_pos3,","TN+F+ASC+G4: nd4_pos3;",NA,NA,NA,NA,NA,NA,NA
"56","output/merge95.nex.best_scheme.nex","TVMe+I+G4: sia_pos1_sia_pos2_bdnf_pos2_bdnf_pos3_nxc_pos1,","HKY+F+I+G4: sia_pos3_bdnf_pos1,","GTR+F+I+G4: nxc_pos2,","TN+F+G4: nxc_pos3,","GTR+F+I+G4: cyb_pos1_nd4_pos1,","GTR+F+I+G4: cyb_pos2_nd4_pos2,","TIM2+F+ASC+G4: cyb_pos3,","TN+F+ASC+G4: nd4_pos3;",NA,NA,NA,NA,NA,NA,NA
"57","output_nomerge/nomerge90.nex.best_scheme.nex","TNe+I+G4: sia_pos1,","JC+I+G4: sia_pos2,","TN+F+I+G4: sia_pos3,","K2P+I+G4: bdnf_pos1,","TVMe+I+G4: bdnf_pos2,","TIMe+I+G4: bdnf_pos3,","TIM2+F+I+G4: nxc_pos1,","TIM3e+I+G4: nxc_pos2,","TN+F+G4: nxc_pos3,","TPM2+I+G4: cyb_pos1,","GTR+F+I+G4: cyb_pos2,","TIM2+F+ASC+G4: cyb_pos3,","TIM2+F+I+G4: nd4_pos1,","GTR+F+I+G4: nd4_pos2,","TN+F+ASC+G4: nd4_pos3;"
"58","output/merge05.nex.best_scheme.nex","SYM+I+G4: sia_pos1_bdnf_pos2_bdnf_pos3_nxc_pos1,","TIM3e+I+G4: sia_pos2_nxc_pos2,","TN+F+I+G4: sia_pos3,","TNe+I+G4: bdnf_pos1_nxc_pos3,","GTR+F+I+G4: cyb_pos1_nd4_pos1,","GTR+F+I+G4: cyb_pos2_nd4_pos2,","TIM2+F+ASC+G4: cyb_pos3,","TN+F+ASC+G4: nd4_pos3;",NA,NA,NA,NA,NA,NA,NA
"59","output_nomerge/nomerge02.nex.best_scheme.nex","TNe+I+G4: sia_pos1,","JC+I+G4: sia_pos2,","TN+F+I+G4: sia_pos3,","K2P+I+G4: bdnf_pos1,","TVMe+I+G4: bdnf_pos2,","TIMe+I+G4: bdnf_pos3,","TIM2+F+I+G4: nxc_pos1,","GTR+F+I+G4: nxc_pos2,","TN+F+G4: nxc_pos3,","TIM2e+I+G4: cyb_pos1,","GTR+F+I+G4: cyb_pos2,","TIM2+F+ASC+G4: cyb_pos3,","TIM2+F+I+G4: nd4_pos1,","GTR+F+I+G4: nd4_pos2,","TN+F+ASC+G4: nd4_pos3;"
"60","output/merge26.nex.best_scheme.nex","K2P+I+G4: sia_pos1_sia_pos2_nxc_pos2,","TN+F+I+G4: sia_pos3,","K2P+G4: bdnf_pos1_nxc_pos3,","TVMe+I+G4: bdnf_pos2_bdnf_pos3_nxc_pos1,","GTR+F+I+G4: cyb_pos1_nd4_pos1,","GTR+F+I+G4: cyb_pos2_nd4_pos2,","TIM2+F+ASC+G4: cyb_pos3,","TN+F+ASC+G4: nd4_pos3;",NA,NA,NA,NA,NA,NA,NA
"61","output/merge61.nex.best_scheme.nex","TVMe+I+G4: sia_pos1_bdnf_pos2_bdnf_pos3_nxc_pos1,","TIM3e+I+G4: sia_pos2_nxc_pos2,","HKY+F+I+G4: sia_pos3_bdnf_pos1,","TN+F+G4: nxc_pos3,","GTR+F+I+G4: cyb_pos1_nd4_pos1,","GTR+F+I+G4: cyb_pos2_nd4_pos2,","TIM2+F+ASC+G4: cyb_pos3,","TN+F+ASC+G4: nd4_pos3;",NA,NA,NA,NA,NA,NA,NA
"62","output_nomerge/nomerge09.nex.best_scheme.nex","TNe+I+G4: sia_pos1,","JC+I+G4: sia_pos2,","TN+F+I+G4: sia_pos3,","K2P+I+G4: bdnf_pos1,","TVMe+I+G4: bdnf_pos2,","TIMe+I+G4: bdnf_pos3,","TIM2+F+I+G4: nxc_pos1,","GTR+F+I+G4: nxc_pos2,","TN+F+G4: nxc_pos3,","TIM2e+I+G4: cyb_pos1,","GTR+F+I+G4: cyb_pos2,","TIM2+F+ASC+G4: cyb_pos3,","TIM2+F+I+G4: nd4_pos1,","GTR+F+I+G4: nd4_pos2,","TN+F+ASC+G4: nd4_pos3;"
"63","output/merge84.nex.best_scheme.nex","TIMe+I+G4: sia_pos1_sia_pos2_bdnf_pos3_nxc_pos2,","TN+F+I+G4: sia_pos3,","K2P+I+G4: bdnf_pos1_nxc_pos3,","GTR+F+I+G4: bdnf_pos2_nxc_pos1,","GTR+F+I+G4: cyb_pos1_nd4_pos1,","GTR+F+I+G4: cyb_pos2_nd4_pos2,","TIM2+F+ASC+G4: cyb_pos3,","TN+F+ASC+G4: nd4_pos3;",NA,NA,NA,NA,NA,NA,NA
"64","output_nomerge/nomerge44.nex.best_scheme.nex","TNe+I+G4: sia_pos1,","JC+I+G4: sia_pos2,","TN+F+I+G4: sia_pos3,","K2P+I+G4: bdnf_pos1,","TVM+F+I+G4: bdnf_pos2,","TIMe+I+G4: bdnf_pos3,","TIM2+F+I+G4: nxc_pos1,","GTR+F+I+G4: nxc_pos2,","TIM+F+G4: nxc_pos3,","TIM2e+I+G4: cyb_pos1,","GTR+F+I+G4: cyb_pos2,","TIM2+F+ASC+G4: cyb_pos3,","TIM2+F+I+G4: nd4_pos1,","GTR+F+I+G4: nd4_pos2,","TN+F+ASC+G4: nd4_pos3;"
"65","output_nomerge/nomerge80.nex.best_scheme.nex","TNe+I+G4: sia_pos1,","JC+I+G4: sia_pos2,","TN+F+I+G4: sia_pos3,","K2P+I+G4: bdnf_pos1,","TVMe+I+G4: bdnf_pos2,","TIMe+I+G4: bdnf_pos3,","TIM2+F+I+G4: nxc_pos1,","TIM3+F+I+G4: nxc_pos2,","TN+F+G4: nxc_pos3,","TIM2e+I+G4: cyb_pos1,","GTR+F+I+G4: cyb_pos2,","TIM2+F+ASC+G4: cyb_pos3,","TIM2+F+I+G4: nd4_pos1,","GTR+F+I+G4: nd4_pos2,","TN+F+ASC: nd4_pos3;"
"66","output_nomerge/nomerge94.nex.best_scheme.nex","TNe+I+G4: sia_pos1,","JC+I+G4: sia_pos2,","TN+F+G4: sia_pos3,","K2P+I+G4: bdnf_pos1,","TVMe+I+G4: bdnf_pos2,","TIMe+I+G4: bdnf_pos3,","TIM2+F+I+G4: nxc_pos1,","TIM3+F+I+G4: nxc_pos2,","TN+F+G4: nxc_pos3,","TPM2+I+G4: cyb_pos1,","GTR+F+I+G4: cyb_pos2,","TIM2+F+ASC+G4: cyb_pos3,","TIM2+F+I+G4: nd4_pos1,","GTR+F+I+G4: nd4_pos2,","TN+F+ASC+G4: nd4_pos3;"
"67","output_nomerge/nomerge98.nex.best_scheme.nex","TNe+I+G4: sia_pos1,","JC+I+G4: sia_pos2,","TN+F+I+G4: sia_pos3,","K2P+I+G4: bdnf_pos1,","TVMe+I+G4: bdnf_pos2,","TIMe+I+G4: bdnf_pos3,","TIM2+F+I+G4: nxc_pos1,","TIM3e+I+G4: nxc_pos2,","TN+F+G4: nxc_pos3,","TIM2e+I+G4: cyb_pos1,","GTR+F+I+G4: cyb_pos2,","TIM2+F+ASC+G4: cyb_pos3,","TIM2+F+I+G4: nd4_pos1,","GTR+F+I+G4: nd4_pos2,","TIM3+F+ASC: nd4_pos3;"
"68","output_nomerge/nomerge36.nex.best_scheme.nex","TNe+I+G4: sia_pos1,","JC+I+G4: sia_pos2,","TN+F+I+G4: sia_pos3,","K2P+I+G4: bdnf_pos1,","TVMe+I+G4: bdnf_pos2,","TIMe+I+G4: bdnf_pos3,","TIM2+F+I+G4: nxc_pos1,","TIM3e+I+G4: nxc_pos2,","TN+F+G4: nxc_pos3,","TIM2e+I+G4: cyb_pos1,","GTR+F+I+G4: cyb_pos2,","GTR+F+ASC+G4: cyb_pos3,","TIM2+F+I+G4: nd4_pos1,","GTR+F+I+G4: nd4_pos2,","TN+F+ASC: nd4_pos3;"
"69","output_nomerge/nomerge51.nex.best_scheme.nex","TNe+I+G4: sia_pos1,","JC+I+G4: sia_pos2,","TN+F+I+G4: sia_pos3,","K2P+I+G4: bdnf_pos1,","TVMe+I+G4: bdnf_pos2,","TIMe+I+G4: bdnf_pos3,","TIM2+F+I+G4: nxc_pos1,","TIM3e+I+G4: nxc_pos2,","TN+F+G4: nxc_pos3,","TIM2e+I+G4: cyb_pos1,","GTR+F+I+G4: cyb_pos2,","TIM2+F+ASC+G4: cyb_pos3,","TIM2+F+I+G4: nd4_pos1,","GTR+F+I+G4: nd4_pos2,","TN+F+ASC: nd4_pos3;"
"70","output_nomerge/nomerge39.nex.best_scheme.nex","TNe+I+G4: sia_pos1,","JC+I+G4: sia_pos2,","TN+F+I+G4: sia_pos3,","K2P+I+G4: bdnf_pos1,","TVMe+I+G4: bdnf_pos2,","TIMe+I+G4: bdnf_pos3,","TIM2+F+I+G4: nxc_pos1,","TIM3+F+I+G4: nxc_pos2,","TN+F+G4: nxc_pos3,","TPM2+I+G4: cyb_pos1,","GTR+F+I+G4: cyb_pos2,","GTR+F+ASC+G4: cyb_pos3,","TIM2+F+I+G4: nd4_pos1,","GTR+F+I+G4: nd4_pos2,","TN+F+ASC: nd4_pos3;"
"71","output_nomerge/nomerge56.nex.best_scheme.nex","TNe+I+G4: sia_pos1,","JC+I+G4: sia_pos2,","TN+F+I+G4: sia_pos3,","K2P+I+G4: bdnf_pos1,","TVMe+I+G4: bdnf_pos2,","TIMe+I+G4: bdnf_pos3,","TIM2+F+I+G4: nxc_pos1,","TIM3+F+I+G4: nxc_pos2,","TN+F+G4: nxc_pos3,","TIM2e+I+G4: cyb_pos1,","GTR+F+I+G4: cyb_pos2,","TIM2+F+ASC+G4: cyb_pos3,","TIM2+F+I+G4: nd4_pos1,","GTR+F+I+G4: nd4_pos2,","TN+F+ASC: nd4_pos3;"
"72","output_nomerge/nomerge16.nex.best_scheme.nex","TNe+I+G4: sia_pos1,","JC+I+G4: sia_pos2,","TN+F+G4: sia_pos3,","K2P+I+G4: bdnf_pos1,","TVMe+I+G4: bdnf_pos2,","TIMe+I+G4: bdnf_pos3,","TIM2+F+I+G4: nxc_pos1,","GTR+F+I+G4: nxc_pos2,","TN+F+G4: nxc_pos3,","TPM2+I+G4: cyb_pos1,","GTR+F+I+G4: cyb_pos2,","TIM2+F+ASC+G4: cyb_pos3,","TIM2+F+I+G4: nd4_pos1,","GTR+F+I+G4: nd4_pos2,","TN+F+ASC: nd4_pos3;"
"73","output_nomerge/nomerge06.nex.best_scheme.nex","TNe+I+G4: sia_pos1,","JC+I+G4: sia_pos2,","TN+F+I+G4: sia_pos3,","K2P+I+G4: bdnf_pos1,","TVMe+I+G4: bdnf_pos2,","TIMe+I+G4: bdnf_pos3,","TIM2+F+I+G4: nxc_pos1,","TIM3e+I+G4: nxc_pos2,","TN+F+G4: nxc_pos3,","TPM2+I+G4: cyb_pos1,","GTR+F+I+G4: cyb_pos2,","TIM2+F+ASC+G4: cyb_pos3,","TIM2+F+I+G4: nd4_pos1,","GTR+F+I+G4: nd4_pos2,","TN+F+ASC: nd4_pos3;"
"74","output_nomerge/nomerge45.nex.best_scheme.nex","TNe+I+G4: sia_pos1,","JC+I+G4: sia_pos2,","TN+F+I+G4: sia_pos3,","K2P+I+G4: bdnf_pos1,","TVMe+I+G4: bdnf_pos2,","TIMe+I+G4: bdnf_pos3,","TIM2+F+I+G4: nxc_pos1,","TIM3+F+I+G4: nxc_pos2,","TN+F+G4: nxc_pos3,","TIM2e+I+G4: cyb_pos1,","GTR+F+I+G4: cyb_pos2,","GTR+F+ASC+G4: cyb_pos3,","TIM2+F+I+G4: nd4_pos1,","GTR+F+I+G4: nd4_pos2,","TN+F+ASC: nd4_pos3;"
"75","output_nomerge/nomerge59.nex.best_scheme.nex","TNe+I+G4: sia_pos1,","JC+I+G4: sia_pos2,","TN+F+I+G4: sia_pos3,","K2P+G4: bdnf_pos1,","TVMe+I+G4: bdnf_pos2,","TIMe+I+G4: bdnf_pos3,","TIM2+F+I+G4: nxc_pos1,","TIM3+F+I+G4: nxc_pos2,","TN+F+G4: nxc_pos3,","TIM2e+I+G4: cyb_pos1,","GTR+F+I+G4: cyb_pos2,","TIM2+F+ASC+G4: cyb_pos3,","TIM2+F+I+G4: nd4_pos1,","GTR+F+I+G4: nd4_pos2,","TN+F+ASC: nd4_pos3;"
"76","output_nomerge/nomerge23.nex.best_scheme.nex","TNe+I+G4: sia_pos1,","JC+I+G4: sia_pos2,","TN+F+G4: sia_pos3,","K2P+I+G4: bdnf_pos1,","TVMe+I+G4: bdnf_pos2,","TIMe+I+G4: bdnf_pos3,","TIM2+F+I+G4: nxc_pos1,","TIM3+F+I+G4: nxc_pos2,","TIM+F+G4: nxc_pos3,","TPM2+I+G4: cyb_pos1,","GTR+F+I+G4: cyb_pos2,","TIM2+F+ASC+G4: cyb_pos3,","TIM2+F+I+G4: nd4_pos1,","GTR+F+I+G4: nd4_pos2,","TN+F+ASC+G4: nd4_pos3;"
"77","output_nomerge/nomerge97.nex.best_scheme.nex","TNe+I+G4: sia_pos1,","JC+I+G4: sia_pos2,","TN+F+I+G4: sia_pos3,","K2P+I+G4: bdnf_pos1,","TVMe+I+G4: bdnf_pos2,","TIMe+I+G4: bdnf_pos3,","TIM2+F+I+G4: nxc_pos1,","GTR+F+I+G4: nxc_pos2,","TN+F+G4: nxc_pos3,","TIM2e+I+G4: cyb_pos1,","GTR+F+I+G4: cyb_pos2,","TIM2+F+ASC+G4: cyb_pos3,","TIM2+F+I+G4: nd4_pos1,","GTR+F+I+G4: nd4_pos2,","TN+F+ASC+G4: nd4_pos3;"
"78","output_nomerge/nomerge81.nex.best_scheme.nex","TNe+I+G4: sia_pos1,","JC+I+G4: sia_pos2,","TN+F+I+G4: sia_pos3,","K2P+I+G4: bdnf_pos1,","TVMe+I+G4: bdnf_pos2,","TIMe+I+G4: bdnf_pos3,","TIM2+F+I+G4: nxc_pos1,","TIM3e+I+G4: nxc_pos2,","TN+F+G4: nxc_pos3,","TIM2e+I+G4: cyb_pos1,","GTR+F+I+G4: cyb_pos2,","TIM2+F+ASC+G4: cyb_pos3,","TIM2+F+I+G4: nd4_pos1,","GTR+F+I+G4: nd4_pos2,","TN+F+ASC: nd4_pos3;"
"79","output_nomerge/nomerge74.nex.best_scheme.nex","TNe+I+G4: sia_pos1,","JC+I+G4: sia_pos2,","TN+F+I+G4: sia_pos3,","K2P+I+G4: bdnf_pos1,","TVMe+I+G4: bdnf_pos2,","TPM3+I+G4: bdnf_pos3,","TIM2+F+I+G4: nxc_pos1,","TIM3+F+I+G4: nxc_pos2,","TN+F+G4: nxc_pos3,","TIM2e+I+G4: cyb_pos1,","GTR+F+I+G4: cyb_pos2,","TIM2+F+ASC+G4: cyb_pos3,","TIM2+F+I+G4: nd4_pos1,","GTR+F+I+G4: nd4_pos2,","TN+F+ASC: nd4_pos3;"
"80","output_nomerge/nomerge57.nex.best_scheme.nex","TNe+I+G4: sia_pos1,","JC+I+G4: sia_pos2,","TN+F+I+G4: sia_pos3,","K2P+I+G4: bdnf_pos1,","TVMe+I+G4: bdnf_pos2,","TIMe+I+G4: bdnf_pos3,","TIM2+F+I+G4: nxc_pos1,","TIM3+F+I+G4: nxc_pos2,","TN+F+G4: nxc_pos3,","TIM2e+I+G4: cyb_pos1,","GTR+F+I+G4: cyb_pos2,","TIM2+F+ASC+G4: cyb_pos3,","TIM2+F+I+G4: nd4_pos1,","GTR+F+I+G4: nd4_pos2,","TN+F+ASC: nd4_pos3;"
"81","output_nomerge/nomerge48.nex.best_scheme.nex","TNe+I+G4: sia_pos1,","JC+I+G4: sia_pos2,","TN+F+G4: sia_pos3,","K2P+I+G4: bdnf_pos1,","TVMe+I+G4: bdnf_pos2,","TIMe+I+G4: bdnf_pos3,","TIM2+F+I+G4: nxc_pos1,","TIM3e+I+G4: nxc_pos2,","TN+F+G4: nxc_pos3,","TPM2+I+G4: cyb_pos1,","GTR+F+I+G4: cyb_pos2,","TIM2+F+ASC+G4: cyb_pos3,","TIM2+F+I+G4: nd4_pos1,","GTR+F+I+G4: nd4_pos2,","TN+F+ASC: nd4_pos3;"
"82","output_nomerge/nomerge28.nex.best_scheme.nex","TNe+I+G4: sia_pos1,","JC+I+G4: sia_pos2,","TN+F+I+G4: sia_pos3,","K2P+I+G4: bdnf_pos1,","TVMe+I+G4: bdnf_pos2,","TIMe+I+G4: bdnf_pos3,","TIM2+F+I+G4: nxc_pos1,","TIM3e+I+G4: nxc_pos2,","TN+F+G4: nxc_pos3,","TPM2+I+G4: cyb_pos1,","GTR+F+I+G4: cyb_pos2,","TIM2+F+ASC+G4: cyb_pos3,","TIM2+F+I+G4: nd4_pos1,","GTR+F+I+G4: nd4_pos2,","TN+F+ASC: nd4_pos3;"
"83","output/merge21.nex.best_scheme.nex","K2P+I+G4: sia_pos1_sia_pos2_bdnf_pos3_nxc_pos2,","HKY+F+I+G4: sia_pos3_bdnf_pos1,","GTR+F+I+G4: bdnf_pos2_nxc_pos1,","TN+F+G4: nxc_pos3,","GTR+F+I+G4: cyb_pos1_nd4_pos1,","GTR+F+I+G4: cyb_pos2_nd4_pos2,","TIM2+F+ASC+G4: cyb_pos3,","TN+F+ASC+G4: nd4_pos3;",NA,NA,NA,NA,NA,NA,NA
"84","output_nomerge/nomerge21.nex.best_scheme.nex","TNe+I+G4: sia_pos1,","JC+I+G4: sia_pos2,","TN+F+I+G4: sia_pos3,","K2P+I+G4: bdnf_pos1,","TVMe+I+G4: bdnf_pos2,","TIMe+I+G4: bdnf_pos3,","TIM2+F+I+G4: nxc_pos1,","TIM3e+I+G4: nxc_pos2,","TN+F+G4: nxc_pos3,","TIM2e+I+G4: cyb_pos1,","GTR+F+I+G4: cyb_pos2,","TIM2+F+ASC+G4: cyb_pos3,","TIM2+F+I+G4: nd4_pos1,","GTR+F+I+G4: nd4_pos2,","TN+F+ASC: nd4_pos3;"
"85","output_nomerge/nomerge95.nex.best_scheme.nex","TNe+I+G4: sia_pos1,","JC+I+G4: sia_pos2,","TN+F+I+G4: sia_pos3,","K2P+G4: bdnf_pos1,","TVMe+I+G4: bdnf_pos2,","TIMe+I+G4: bdnf_pos3,","TIM2+F+I+G4: nxc_pos1,","TIM3e+I+G4: nxc_pos2,","TN+F+G4: nxc_pos3,","TPM2+I+G4: cyb_pos1,","GTR+F+I+G4: cyb_pos2,","TIM2+F+ASC+G4: cyb_pos3,","TIM2+F+I+G4: nd4_pos1,","GTR+F+I+G4: nd4_pos2,","TN+F+ASC: nd4_pos3;"
"86","output_nomerge/nomerge50.nex.best_scheme.nex","TNe+I+G4: sia_pos1,","JC+I+G4: sia_pos2,","TN+F+G4: sia_pos3,","K2P+I+G4: bdnf_pos1,","TVMe+I+G4: bdnf_pos2,","TIMe+I+G4: bdnf_pos3,","TIM2+F+I+G4: nxc_pos1,","TIM3e+I+G4: nxc_pos2,","TN+F+G4: nxc_pos3,","TIM2e+I+G4: cyb_pos1,","GTR+F+I+G4: cyb_pos2,","TIM2+F+ASC+G4: cyb_pos3,","TIM2+F+I+G4: nd4_pos1,","GTR+F+I+G4: nd4_pos2,","TN+F+ASC: nd4_pos3;"
"87","output_nomerge/nomerge22.nex.best_scheme.nex","TNe+I+G4: sia_pos1,","JC+I+G4: sia_pos2,","TN+F+I+G4: sia_pos3,","K2P+I+G4: bdnf_pos1,","TVMe+I+G4: bdnf_pos2,","TIMe+I+G4: bdnf_pos3,","TIM2+F+I+G4: nxc_pos1,","TIM3+F+I+G4: nxc_pos2,","TN+F+G4: nxc_pos3,","TPM2+I+G4: cyb_pos1,","GTR+F+I+G4: cyb_pos2,","TIM2+F+ASC+G4: cyb_pos3,","TIM2+F+I+G4: nd4_pos1,","GTR+F+I+G4: nd4_pos2,","TN+F+ASC: nd4_pos3;"
"88","output_nomerge/nomerge19.nex.best_scheme.nex","TNe+I+G4: sia_pos1,","JC+I+G4: sia_pos2,","TN+F+G4: sia_pos3,","K2P+I+G4: bdnf_pos1,","TVMe+I+G4: bdnf_pos2,","TIMe+I+G4: bdnf_pos3,","TIM2+F+I+G4: nxc_pos1,","TIM3+F+I+G4: nxc_pos2,","TN+F+G4: nxc_pos3,","TIM2e+I+G4: cyb_pos1,","GTR+F+I+G4: cyb_pos2,","TIM2+F+ASC+G4: cyb_pos3,","TIM2+F+I+G4: nd4_pos1,","GTR+F+I+G4: nd4_pos2,","TN+F+ASC: nd4_pos3;"
"89","output_nomerge/nomerge29.nex.best_scheme.nex","TNe+I+G4: sia_pos1,","JC+I+G4: sia_pos2,","TN+F+G4: sia_pos3,","K2P+G4: bdnf_pos1,","TVMe+I+G4: bdnf_pos2,","TIMe+I+G4: bdnf_pos3,","TIM2+F+I+G4: nxc_pos1,","TIM3e+I+G4: nxc_pos2,","TN+F+G4: nxc_pos3,","TIM2e+I+G4: cyb_pos1,","GTR+F+I+G4: cyb_pos2,","GTR+F+ASC+G4: cyb_pos3,","TIM2+F+I+G4: nd4_pos1,","GTR+F+I+G4: nd4_pos2,","TN+F+ASC: nd4_pos3;"
"90","output_nomerge/nomerge77.nex.best_scheme.nex","TNe+I+G4: sia_pos1,","JC+I+G4: sia_pos2,","TN+F+I+G4: sia_pos3,","K2P+G4: bdnf_pos1,","TVMe+I+G4: bdnf_pos2,","TIMe+I+G4: bdnf_pos3,","TIM2+F+I+G4: nxc_pos1,","TIM3e+I+G4: nxc_pos2,","TN+F+G4: nxc_pos3,","TPM2+I+G4: cyb_pos1,","GTR+F+I+G4: cyb_pos2,","TIM2+F+ASC+G4: cyb_pos3,","TIM2+F+I+G4: nd4_pos1,","GTR+F+I+G4: nd4_pos2,","TN+F+ASC: nd4_pos3;"
"91","output_nomerge/nomerge24.nex.best_scheme.nex","TNe+I+G4: sia_pos1,","JC+I+G4: sia_pos2,","TN+F+I+G4: sia_pos3,","K2P+I+G4: bdnf_pos1,","TVMe+I+G4: bdnf_pos2,","TIMe+I+G4: bdnf_pos3,","TIM2+F+I+G4: nxc_pos1,","TIM3e+I+G4: nxc_pos2,","TN+F+G4: nxc_pos3,","TPM2+I+G4: cyb_pos1,","GTR+F+I+G4: cyb_pos2,","TIM2+F+ASC+G4: cyb_pos3,","TIM2+F+I+G4: nd4_pos1,","GTR+F+I+G4: nd4_pos2,","TN+F+ASC: nd4_pos3;"
"92","output_nomerge/nomerge42.nex.best_scheme.nex","TNe+I+G4: sia_pos1,","JC+I+G4: sia_pos2,","TN+F+I+G4: sia_pos3,","K2P+I+G4: bdnf_pos1,","TVMe+I+G4: bdnf_pos2,","TIMe+I+G4: bdnf_pos3,","TIM2+F+I+G4: nxc_pos1,","TIM3e+I+G4: nxc_pos2,","TN+F+G4: nxc_pos3,","TPM2+I+G4: cyb_pos1,","GTR+F+I+G4: cyb_pos2,","TIM2+F+ASC+G4: cyb_pos3,","TIM2+F+I+G4: nd4_pos1,","GTR+F+I+G4: nd4_pos2,","TN+F+ASC: nd4_pos3;"
"93","output/merge69.nex.best_scheme.nex","SYM+I+G4: sia_pos1_bdnf_pos2_nxc_pos1,","GTR+F+I+G4: sia_pos2_bdnf_pos3_nxc_pos2,","HKY+F+I+G4: sia_pos3_bdnf_pos1,","TN+F+G4: nxc_pos3,","GTR+F+I+G4: cyb_pos1_nd4_pos1,","GTR+F+I+G4: cyb_pos2_nd4_pos2,","TIM2+F+ASC+G4: cyb_pos3,","TN+F+ASC: nd4_pos3;",NA,NA,NA,NA,NA,NA,NA
"94","output_nomerge/nomerge83.nex.best_scheme.nex","TNe+I+G4: sia_pos1,","JC+I+G4: sia_pos2,","TN+F+I+G4: sia_pos3,","K2P+I+G4: bdnf_pos1,","TVMe+I+G4: bdnf_pos2,","TIMe+I+G4: bdnf_pos3,","TIM2+F+I+G4: nxc_pos1,","TIM3e+I+G4: nxc_pos2,","TN+F+G4: nxc_pos3,","TIM2e+I+G4: cyb_pos1,","GTR+F+I+G4: cyb_pos2,","TIM2+F+ASC+G4: cyb_pos3,","TIM2+F+I+G4: nd4_pos1,","GTR+F+I+G4: nd4_pos2,","TN+F+ASC: nd4_pos3;"
"95","output_nomerge/nomerge04.nex.best_scheme.nex","TNe+I+G4: sia_pos1,","JC+I+G4: sia_pos2,","TN+F+G4: sia_pos3,","K2P+I+G4: bdnf_pos1,","TVMe+I+G4: bdnf_pos2,","TIMe+I+G4: bdnf_pos3,","TIM2e+I+G4: nxc_pos1,","GTR+F+I+G4: nxc_pos2,","TN+F+G4: nxc_pos3,","TPM2+I+G4: cyb_pos1,","GTR+F+I+G4: cyb_pos2,","TIM2+F+ASC+G4: cyb_pos3,","TIM2+F+I+G4: nd4_pos1,","GTR+F+I+G4: nd4_pos2,","TN+F+ASC: nd4_pos3;"
"96","output_nomerge/nomerge49.nex.best_scheme.nex","TNe+I+G4: sia_pos1,","JC+I+G4: sia_pos2,","TN+F+I+G4: sia_pos3,","K2P+I+G4: bdnf_pos1,","TVMe+I+G4: bdnf_pos2,","TIMe+I+G4: bdnf_pos3,","TIM2+F+I+G4: nxc_pos1,","TIM3e+I+G4: nxc_pos2,","TN+F+G4: nxc_pos3,","TPM2+I+G4: cyb_pos1,","GTR+F+I+G4: cyb_pos2,","TIM2+F+ASC+G4: cyb_pos3,","TIM2+F+I+G4: nd4_pos1,","GTR+F+I+G4: nd4_pos2,","TN+F+ASC: nd4_pos3;"
"97","output_nomerge/nomerge87.nex.best_scheme.nex","TNe+I+G4: sia_pos1,","JC+I+G4: sia_pos2,","TN+F+G4: sia_pos3,","K2P+I+G4: bdnf_pos1,","TVMe+I+G4: bdnf_pos2,","TIMe+I+G4: bdnf_pos3,","TIM2+F+I+G4: nxc_pos1,","TIM3e+I+G4: nxc_pos2,","TN+F+G4: nxc_pos3,","TPM2+I+G4: cyb_pos1,","GTR+F+I+G4: cyb_pos2,","TIM2+F+ASC+G4: cyb_pos3,","TIM2+F+I+G4: nd4_pos1,","GTR+F+I+G4: nd4_pos2,","TN+F+ASC: nd4_pos3;"
"98","output_nomerge/nomerge55.nex.best_scheme.nex","TNe+I+G4: sia_pos1,","JC+I+G4: sia_pos2,","TN+F+G4: sia_pos3,","K2P+I+G4: bdnf_pos1,","TVMe+I+G4: bdnf_pos2,","TIMe+I+G4: bdnf_pos3,","TIM2+F+I+G4: nxc_pos1,","TIM3e+I+G4: nxc_pos2,","TN+F+G4: nxc_pos3,","TIM2e+I+G4: cyb_pos1,","GTR+F+I+G4: cyb_pos2,","GTR+F+ASC+G4: cyb_pos3,","TIM2+F+I+G4: nd4_pos1,","GTR+F+I+G4: nd4_pos2,","TN+F+ASC: nd4_pos3;"
"99","output_nomerge/nomerge05.nex.best_scheme.nex","TNe+I+G4: sia_pos1,","JC+I+G4: sia_pos2,","TN+F+G4: sia_pos3,","K2P+I+G4: bdnf_pos1,","TVMe+I+G4: bdnf_pos2,","TIMe+I+G4: bdnf_pos3,","TIM2+F+I+G4: nxc_pos1,","TIM3e+I+G4: nxc_pos2,","TN+F+G4: nxc_pos3,","TIM2e+I+G4: cyb_pos1,","GTR+F+I+G4: cyb_pos2,","TIM2+F+ASC+G4: cyb_pos3,","TIM2+F+I+G4: nd4_pos1,","GTR+F+I+G4: nd4_pos2,","TN+F+ASC: nd4_pos3;"
"100","output/merge90.nex.best_scheme.nex","SYM+I+G4: sia_pos1_bdnf_pos2_bdnf_pos3_nxc_pos1,","TIM3e+I+G4: sia_pos2_nxc_pos2,","TN+F+I+G4: sia_pos3,","TNe+I+G4: bdnf_pos1_nxc_pos3,","TIM2+F+I+G4: cyb_pos1_nd4_pos1,","GTR+F+I+G4: cyb_pos2_nd4_pos2,","TIM2+F+ASC+G4: cyb_pos3,","TN+F+ASC+G4: nd4_pos3;",NA,NA,NA,NA,NA,NA,NA
"101","output/merge55.nex.best_scheme.nex","K2P+I+G4: sia_pos1_sia_pos2_bdnf_pos3_nxc_pos2,","HKY+F+I+G4: sia_pos3_bdnf_pos1,","GTR+F+I+G4: bdnf_pos2_nxc_pos1,","TN+F+G4: nxc_pos3,","GTR+F+I+G4: cyb_pos1_nd4_pos1,","GTR+F+I+G4: cyb_pos2_nd4_pos2,","TIM2+F+ASC+G4: cyb_pos3,","TN+F+ASC: nd4_pos3;",NA,NA,NA,NA,NA,NA,NA
"102","output_nomerge/nomerge12.nex.best_scheme.nex","TNe+I+G4: sia_pos1,","JC+I+G4: sia_pos2,","TN+F+I+G4: sia_pos3,","K2P+I+G4: bdnf_pos1,","TVMe+I+G4: bdnf_pos2,","TIMe+I+G4: bdnf_pos3,","TIM2+F+I+G4: nxc_pos1,","GTR+F+I+G4: nxc_pos2,","TN+F+G4: nxc_pos3,","TPM2+I+G4: cyb_pos1,","GTR+F+I+G4: cyb_pos2,","TIM2+F+ASC+G4: cyb_pos3,","TIM2+F+I+G4: nd4_pos1,","GTR+F+I+G4: nd4_pos2,","TN+F+ASC: nd4_pos3;"
"103","output/merge59.nex.best_scheme.nex","SYM+I+G4: sia_pos1_bdnf_pos2_nxc_pos1,","GTR+F+I+G4: sia_pos2_bdnf_pos3_nxc_pos2,","HKY+F+I+G4: sia_pos3_bdnf_pos1,","TN+F+G4: nxc_pos3,","GTR+F+I+G4: cyb_pos1_nd4_pos1,","GTR+F+I+G4: cyb_pos2_nd4_pos2,","TIM2+F+ASC+G4: cyb_pos3,","TN+F+ASC: nd4_pos3;",NA,NA,NA,NA,NA,NA,NA
"104","output/merge74.nex.best_scheme.nex","GTR+F+I+G4: sia_pos1_bdnf_pos2_nxc_pos1,","GTR+F+I+G4: sia_pos2_bdnf_pos3_nxc_pos2,","HKY+F+I+G4: sia_pos3_bdnf_pos1,","TN+F+G4: nxc_pos3,","GTR+F+I+G4: cyb_pos1_nd4_pos1,","GTR+F+I+G4: cyb_pos2_nd4_pos2,","TIM2+F+ASC+G4: cyb_pos3,","TN+F+ASC: nd4_pos3;",NA,NA,NA,NA,NA,NA,NA
"105","output/merge54.nex.best_scheme.nex","SYM+I+G4: sia_pos1_bdnf_pos2_nxc_pos1,","GTR+F+I+G4: sia_pos2_bdnf_pos3_nxc_pos2,","HKY+F+I+G4: sia_pos3_bdnf_pos1,","TN+F+G4: nxc_pos3,","GTR+F+I+G4: cyb_pos1_nd4_pos1,","GTR+F+I+G4: cyb_pos2_nd4_pos2,","TIM2+F+ASC+G4: cyb_pos3,","TN+F+ASC: nd4_pos3;",NA,NA,NA,NA,NA,NA,NA
"106","output/merge53.nex.best_scheme.nex","K2P+I+G4: sia_pos1_sia_pos2_nxc_pos2,","TN+F+I+G4: sia_pos3,","K2P+G4: bdnf_pos1_nxc_pos3,","TVMe+I+G4: bdnf_pos2_bdnf_pos3_nxc_pos1,","GTR+F+I+G4: cyb_pos1_nd4_pos1,","GTR+F+I+G4: cyb_pos2_nd4_pos2,","TIM2+F+ASC+G4: cyb_pos3,","TN+F+ASC: nd4_pos3;",NA,NA,NA,NA,NA,NA,NA
"107","output_nomerge/nomerge73.nex.best_scheme.nex","TNe+I+G4: sia_pos1,","JC+I+G4: sia_pos2,","TN+F+I+G4: sia_pos3,","K2P+G4: bdnf_pos1,","TVMe+I+G4: bdnf_pos2,","TIMe+I+G4: bdnf_pos3,","TIM2+F+I+G4: nxc_pos1,","TIM3e+I+G4: nxc_pos2,","TN+F+G4: nxc_pos3,","TIM2e+I+G4: cyb_pos1,","GTR+F+I+G4: cyb_pos2,","TIM2+F+ASC+G4: cyb_pos3,","TIM2+F+I+G4: nd4_pos1,","GTR+F+I+G4: nd4_pos2,","TN+F+ASC: nd4_pos3;"
"108","output/merge32.nex.best_scheme.nex","K2P+I+G4: sia_pos1_sia_pos2_nxc_pos2,","TN+F+I+G4: sia_pos3_bdnf_pos1,","TVMe+I+G4: bdnf_pos2_bdnf_pos3_nxc_pos1,","TN+F+G4: nxc_pos3,","GTR+F+I+G4: cyb_pos1_nd4_pos1,","GTR+F+I+G4: cyb_pos2_nd4_pos2,","TIM2+F+ASC+G4: cyb_pos3,","TN+F+ASC: nd4_pos3;",NA,NA,NA,NA,NA,NA,NA
"109","output/merge25.nex.best_scheme.nex","SYM+I+G4: sia_pos1_bdnf_pos2_nxc_pos1,","GTR+F+I+G4: sia_pos2_bdnf_pos3_nxc_pos2,","TN+F+I+G4: sia_pos3,","K2P+I+G4: bdnf_pos1_nxc_pos3,","GTR+F+I+G4: cyb_pos1_nd4_pos1,","GTR+F+I+G4: cyb_pos2_nd4_pos2,","TIM2+F+ASC+G4: cyb_pos3,","TN+F+ASC: nd4_pos3;",NA,NA,NA,NA,NA,NA,NA
"110","output/merge46.nex.best_scheme.nex","TVMe+I+G4: sia_pos1_bdnf_pos2_bdnf_pos3_nxc_pos1,","TIM3e+I+G4: sia_pos2_nxc_pos2,","HKY+F+I+G4: sia_pos3_bdnf_pos1,","TN+F+G4: nxc_pos3,","GTR+F+I+G4: cyb_pos1_nd4_pos1,","GTR+F+I+G4: cyb_pos2_nd4_pos2,","TIM2+F+ASC+G4: cyb_pos3,","TN+F+ASC: nd4_pos3;",NA,NA,NA,NA,NA,NA,NA
"111","output_nomerge/nomerge60.nex.best_scheme.nex","TNe+I+G4: sia_pos1,","JC+I+G4: sia_pos2,","TN+F+G4: sia_pos3,","K2P+I+G4: bdnf_pos1,","TVMe+I+G4: bdnf_pos2,","TIMe+I+G4: bdnf_pos3,","TIM2+F+I+G4: nxc_pos1,","TIM3+F+I+G4: nxc_pos2,","TN+F+G4: nxc_pos3,","TIM2e+I+G4: cyb_pos1,","GTR+F+I+G4: cyb_pos2,","TIM2+F+ASC+G4: cyb_pos3,","TIM2+F+I+G4: nd4_pos1,","GTR+F+I+G4: nd4_pos2,","TN+F+ASC: nd4_pos3;"
"112","output/merge100.nex.best_scheme.nex","K2P+I+G4: sia_pos1_sia_pos2_bdnf_pos3_nxc_pos2,","TN+F+I+G4: sia_pos3,","K2P+G4: bdnf_pos1_nxc_pos3,","GTR+F+I+G4: bdnf_pos2_nxc_pos1,","GTR+F+I+G4: cyb_pos1_nd4_pos1,","GTR+F+I+G4: cyb_pos2_nd4_pos2,","GTR+F+G4: cyb_pos3,","TN+F+ASC+G4: nd4_pos3;",NA,NA,NA,NA,NA,NA,NA
"113","output_nomerge/nomerge33.nex.best_scheme.nex","TNe+I+G4: sia_pos1,","JC+I+G4: sia_pos2,","TN+F+I+G4: sia_pos3,","K2P+I+G4: bdnf_pos1,","TVMe+I+G4: bdnf_pos2,","TIMe+I+G4: bdnf_pos3,","TIM2+F+I+G4: nxc_pos1,","TIM3e+I+G4: nxc_pos2,","TN+F+G4: nxc_pos3,","TPM2+I+G4: cyb_pos1,","GTR+F+I+G4: cyb_pos2,","TIM2+F+ASC+G4: cyb_pos3,","TIM2+F+I+G4: nd4_pos1,","GTR+F+I+G4: nd4_pos2,","TN+F+ASC: nd4_pos3;"
"114","output/merge11.nex.best_scheme.nex","SYM+I+G4: sia_pos1_sia_pos2_bdnf_pos2_bdnf_pos3_nxc_pos1,","TN+F+I+G4: sia_pos3,","TNe+I+G4: bdnf_pos1_nxc_pos3,","TIM3e+I+G4: nxc_pos2,","GTR+F+I+G4: cyb_pos1_nd4_pos1,","GTR+F+I+G4: cyb_pos2_nd4_pos2,","GTR+F+G4: cyb_pos3,","TN+F+ASC+G4: nd4_pos3;",NA,NA,NA,NA,NA,NA,NA
"115","output/merge82.nex.best_scheme.nex","K2P+I+G4: sia_pos1_sia_pos2_nxc_pos2,","TN+F+I+G4: sia_pos3,","TNe+I+G4: bdnf_pos1_nxc_pos3,","TVMe+I+G4: bdnf_pos2_bdnf_pos3_nxc_pos1,","GTR+F+I+G4: cyb_pos1_nd4_pos1,","GTR+F+I+G4: cyb_pos2_nd4_pos2,","TIM2+F+ASC+G4: cyb_pos3,","TN+F+ASC+G4: nd4_pos3;",NA,NA,NA,NA,NA,NA,NA
"116","output/merge40.nex.best_scheme.nex","SYM+I+G4: sia_pos1_bdnf_pos2_nxc_pos1,","GTR+F+I+G4: sia_pos2_bdnf_pos3_nxc_pos2,","TN+F+I+G4: sia_pos3,","K2P+I+G4: bdnf_pos1_nxc_pos3,","GTR+F+I+G4: cyb_pos1_nd4_pos1,","GTR+F+I+G4: cyb_pos2_nd4_pos2,","TIM2+F+ASC+G4: cyb_pos3,","TN+F+ASC: nd4_pos3;",NA,NA,NA,NA,NA,NA,NA
"117","output/merge64.nex.best_scheme.nex","TVMe+I+G4: sia_pos1_sia_pos2_bdnf_pos2_bdnf_pos3_nxc_pos1,","HKY+F+I+G4: sia_pos3_bdnf_pos1,","GTR+F+I+G4: nxc_pos2,","TN+F+G4: nxc_pos3,","GTR+F+I+G4: cyb_pos1_nd4_pos1,","GTR+F+I+G4: cyb_pos2_nd4_pos2,","TIM2+F+ASC+G4: cyb_pos3,","TN+F+ASC: nd4_pos3;",NA,NA,NA,NA,NA,NA,NA
"118","output_nomerge/nomerge40.nex.best_scheme.nex","TNe+I+G4: sia_pos1,","JC+I+G4: sia_pos2,","TN+F+G4: sia_pos3,","K2P+I+G4: bdnf_pos1,","TVMe+I+G4: bdnf_pos2,","TIMe+I+G4: bdnf_pos3,","TIM2+F+I+G4: nxc_pos1,","TIM3e+I+G4: nxc_pos2,","TN+F+G4: nxc_pos3,","TPM2+I+G4: cyb_pos1,","GTR+F+I+G4: cyb_pos2,","TIM2+F+ASC+G4: cyb_pos3,","TIM2+F+I+G4: nd4_pos1,","GTR+F+I+G4: nd4_pos2,","TN+F+ASC: nd4_pos3;"
"119","output/merge16.nex.best_scheme.nex","SYM+I+G4: sia_pos1_bdnf_pos2_nxc_pos1,","GTR+F+I+G4: sia_pos2_bdnf_pos3_nxc_pos2,","TN+F+I+G4: sia_pos3,","K2P+I+G4: bdnf_pos1_nxc_pos3,","GTR+F+I+G4: cyb_pos1_nd4_pos1,","GTR+F+I+G4: cyb_pos2_nd4_pos2,","TIM2+F+ASC+G4: cyb_pos3,","TN+F+ASC: nd4_pos3;",NA,NA,NA,NA,NA,NA,NA
"120","output/merge19.nex.best_scheme.nex","SYM+I+G4: sia_pos1_bdnf_pos2_bdnf_pos3_nxc_pos1,","TIM3e+I+G4: sia_pos2_nxc_pos2,","TN+F+I+G4: sia_pos3,","K2P+I+G4: bdnf_pos1_nxc_pos3,","GTR+F+I+G4: cyb_pos1_nd4_pos1,","GTR+F+I+G4: cyb_pos2_nd4_pos2,","TIM2+F+ASC+G4: cyb_pos3,","TN+F+ASC: nd4_pos3;",NA,NA,NA,NA,NA,NA,NA
"121","output/merge86.nex.best_scheme.nex","SYM+I+G4: sia_pos1_bdnf_pos2_nxc_pos1,","GTR+F+I+G4: sia_pos2_bdnf_pos3_nxc_pos2,","TN+F+I+G4: sia_pos3,","TNe+I+G4: bdnf_pos1_nxc_pos3,","GTR+F+I+G4: cyb_pos1_nd4_pos1,","GTR+F+I+G4: cyb_pos2_nd4_pos2,","TIM2+F+ASC+G4: cyb_pos3,","TN+F+ASC: nd4_pos3;",NA,NA,NA,NA,NA,NA,NA
"122","output/merge77.nex.best_scheme.nex","TVMe+I+G4: sia_pos1_bdnf_pos2_bdnf_pos3_nxc_pos1,","TIM3e+I+G4: sia_pos2_nxc_pos2,","HKY+F+I+G4: sia_pos3_bdnf_pos1,","TN+F+G4: nxc_pos3,","GTR+F+I+G4: cyb_pos1_nd4_pos1,","GTR+F+I+G4: cyb_pos2_nd4_pos2,","TIM2+F+ASC+G4: cyb_pos3,","TN+F+ASC: nd4_pos3;",NA,NA,NA,NA,NA,NA,NA
"123","output_nomerge/nomerge38.nex.best_scheme.nex","TNe+I+G4: sia_pos1,","JC+I+G4: sia_pos2,","TN+F+I+G4: sia_pos3,","K2P+G4: bdnf_pos1,","TVMe+I+G4: bdnf_pos2,","TPM3+I+G4: bdnf_pos3,","TIM2+F+I+G4: nxc_pos1,","TIM3e+I+G4: nxc_pos2,","TN+F+G4: nxc_pos3,","TPM2+I+G4: cyb_pos1,","GTR+F+I+G4: cyb_pos2,","TIM2+F+ASC+G4: cyb_pos3,","TIM2+F+I+G4: nd4_pos1,","GTR+F+I+G4: nd4_pos2,","TN+F+ASC: nd4_pos3;"
"124","output/merge49.nex.best_scheme.nex","SYM+I+G4: sia_pos1_sia_pos2_bdnf_pos2_nxc_pos1,","HKY+F+I+G4: sia_pos3_bdnf_pos1,","GTR+F+I+G4: bdnf_pos3_nxc_pos2,","TN+F+G4: nxc_pos3,","GTR+F+I+G4: cyb_pos1_nd4_pos1,","GTR+F+I+G4: cyb_pos2_nd4_pos2,","TIM2+F+ASC+G4: cyb_pos3,","TN+F+ASC: nd4_pos3;",NA,NA,NA,NA,NA,NA,NA
"125","output/merge13.nex.best_scheme.nex","K2P+I+G4: sia_pos1_sia_pos2_nxc_pos2,","HKY+F+I+G4: sia_pos3_bdnf_pos1,","TVMe+I+G4: bdnf_pos2_bdnf_pos3_nxc_pos1,","TN+F+G4: nxc_pos3,","GTR+F+I+G4: cyb_pos1_nd4_pos1,","GTR+F+I+G4: cyb_pos2_nd4_pos2,","TIM2+F+ASC+G4: cyb_pos3,","TN+F+ASC: nd4_pos3;",NA,NA,NA,NA,NA,NA,NA
"126","output_nomerge/nomerge27.nex.best_scheme.nex","TNe+I+G4: sia_pos1,","JC+I+G4: sia_pos2,","TN+F+I+G4: sia_pos3,","K2P+I+G4: bdnf_pos1,","TVMe+I+G4: bdnf_pos2,","TIMe+I+G4: bdnf_pos3,","TIM2+F+I+G4: nxc_pos1,","TIM3e+I+G4: nxc_pos2,","TN+F+G4: nxc_pos3,","TIM2e+I+G4: cyb_pos1,","GTR+F+I+G4: cyb_pos2,","TIM2+F+ASC+G4: cyb_pos3,","TIM2+F+I+G4: nd4_pos1,","GTR+F+I+G4: nd4_pos2,","TN+F+ASC: nd4_pos3;"
"127","output_nomerge/nomerge79.nex.best_scheme.nex","TNe+I+G4: sia_pos1,","JC+I+G4: sia_pos2,","TN+F+G4: sia_pos3,","K2P+I+G4: bdnf_pos1,","TVMe+I+G4: bdnf_pos2,","TIMe+I+G4: bdnf_pos3,","TIM2+F+I+G4: nxc_pos1,","TIM3e+I+G4: nxc_pos2,","TN+F+G4: nxc_pos3,","TIM2e+I+G4: cyb_pos1,","GTR+F+I+G4: cyb_pos2,","TIM2+F+ASC+G4: cyb_pos3,","TIM2+F+I+G4: nd4_pos1,","GTR+F+I+G4: nd4_pos2,","TN+F+ASC: nd4_pos3;"
"128","output/merge89.nex.best_scheme.nex","SYM+I+G4: sia_pos1_bdnf_pos2_bdnf_pos3_nxc_pos1,","TIM3e+I+G4: sia_pos2_nxc_pos2,","TN+F+G4: sia_pos3,","TNe+I+G4: bdnf_pos1_nxc_pos3,","GTR+F+I+G4: cyb_pos1_nd4_pos1,","GTR+F+I+G4: cyb_pos2_nd4_pos2,","TIM2+F+ASC+G4: cyb_pos3,","TN+F+ASC: nd4_pos3;",NA,NA,NA,NA,NA,NA,NA
"129","output/merge73.nex.best_scheme.nex","GTR+F+I+G4: sia_pos1_bdnf_pos2_nxc_pos1,","GTR+F+I+G4: sia_pos2_bdnf_pos3_nxc_pos2,","HKY+F+I+G4: sia_pos3_bdnf_pos1,","TN+F+G4: nxc_pos3,","GTR+F+I+G4: cyb_pos1_nd4_pos1,","GTR+F+I+G4: cyb_pos2_nd4_pos2,","TIM2+F+ASC+G4: cyb_pos3,","TN+F+ASC: nd4_pos3;",NA,NA,NA,NA,NA,NA,NA
"130","output_nomerge/nomerge34.nex.best_scheme.nex","TNe+I+G4: sia_pos1,","JC+I+G4: sia_pos2,","TN+F+G4: sia_pos3,","K2P+I+G4: bdnf_pos1,","TVMe+I+G4: bdnf_pos2,","TIMe+I+G4: bdnf_pos3,","TIM2+F+I+G4: nxc_pos1,","TIM3e+I+G4: nxc_pos2,","TN+F+G4: nxc_pos3,","TIM2e+I+G4: cyb_pos1,","GTR+F+I+G4: cyb_pos2,","TIM2+F+ASC+G4: cyb_pos3,","TIM2+F+I+G4: nd4_pos1,","GTR+F+I+G4: nd4_pos2,","TN+F+ASC: nd4_pos3;"
"131","output_nomerge/nomerge30.nex.best_scheme.nex","TNe+I+G4: sia_pos1,","JC+I+G4: sia_pos2,","TN+F+I+G4: sia_pos3,","K2P+I+G4: bdnf_pos1,","TVMe+I+G4: bdnf_pos2,","TIMe+I+G4: bdnf_pos3,","TIM2+F+I+G4: nxc_pos1,","TIM3e+I+G4: nxc_pos2,","TN+F+G4: nxc_pos3,","TPM2+I+G4: cyb_pos1,","GTR+F+I+G4: cyb_pos2,","TIM2+F+ASC+G4: cyb_pos3,","TIM2+F+I+G4: nd4_pos1,","GTR+F+I+G4: nd4_pos2,","TN+F+ASC: nd4_pos3;"
"132","output/merge81.nex.best_scheme.nex","K2P+I+G4: sia_pos1_sia_pos2_nxc_pos2,","TN+F+I+G4: sia_pos3,","K2P+I+G4: bdnf_pos1_nxc_pos3,","TVMe+I+G4: bdnf_pos2_bdnf_pos3_nxc_pos1,","GTR+F+I+G4: cyb_pos1_nd4_pos1,","GTR+F+I+G4: cyb_pos2_nd4_pos2,","TIM2+F+ASC+G4: cyb_pos3,","TN+F+ASC: nd4_pos3;",NA,NA,NA,NA,NA,NA,NA
"133","output_nomerge/nomerge32.nex.best_scheme.nex","TNe+I+G4: sia_pos1,","JC+I+G4: sia_pos2,","TN+F+I+G4: sia_pos3,","K2P+G4: bdnf_pos1,","TVMe+I+G4: bdnf_pos2,","TIMe+I+G4: bdnf_pos3,","TIM2+F+I+G4: nxc_pos1,","TIM3e+I+G4: nxc_pos2,","TN+F+G4: nxc_pos3,","TPM2+I+G4: cyb_pos1,","GTR+F+I+G4: cyb_pos2,","TIM2+F+ASC+G4: cyb_pos3,","TIM2+F+I+G4: nd4_pos1,","GTR+F+I+G4: nd4_pos2,","TN+F+ASC: nd4_pos3;"
"134","output/merge70.nex.best_scheme.nex","SYM+I+G4: sia_pos1_sia_pos2_bdnf_pos2_nxc_pos1,","TN+F+I+G4: sia_pos3,","TNe+I+G4: bdnf_pos1_nxc_pos3,","GTR+F+I+G4: bdnf_pos3_nxc_pos2,","GTR+F+I+G4: cyb_pos1_nd4_pos1,","GTR+F+I+G4: cyb_pos2_nd4_pos2,","TIM2+F+ASC+G4: cyb_pos3,","TN+F+ASC: nd4_pos3;",NA,NA,NA,NA,NA,NA,NA
"135","output/merge01.nex.best_scheme.nex","SYM+I+G4: sia_pos1_bdnf_pos2_bdnf_pos3_nxc_pos1,","TIM3e+I+G4: sia_pos2_nxc_pos2,","HKY+F+I+G4: sia_pos3_bdnf_pos1,","TN+F+G4: nxc_pos3,","GTR+F+I+G4: cyb_pos1_nd4_pos1,","GTR+F+I+G4: cyb_pos2_nd4_pos2,","TIM2+F+ASC+G4: cyb_pos3,","TN+F+ASC: nd4_pos3;",NA,NA,NA,NA,NA,NA,NA
"136","output_nomerge/nomerge92.nex.best_scheme.nex","TNe+I+G4: sia_pos1,","JC+I+G4: sia_pos2,","TN+F+G4: sia_pos3,","K2P+I+G4: bdnf_pos1,","TVMe+I+G4: bdnf_pos2,","TIMe+I+G4: bdnf_pos3,","TIM2+F+I+G4: nxc_pos1,","TIM3+F+I+G4: nxc_pos2,","TN+F+G4: nxc_pos3,","TIM2e+I+G4: cyb_pos1,","GTR+F+I+G4: cyb_pos2,","TIM2+F+ASC: cyb_pos3,","TIM2+F+I+G4: nd4_pos1,","GTR+F+I+G4: nd4_pos2,","TN+F+ASC+G4: nd4_pos3;"
"137","output/merge57.nex.best_scheme.nex","TVMe+I+G4: sia_pos1_sia_pos2_bdnf_pos2_bdnf_pos3_nxc_pos1,","HKY+F+I+G4: sia_pos3_bdnf_pos1,","GTR+F+I+G4: nxc_pos2,","TN+F+G4: nxc_pos3,","GTR+F+I+G4: cyb_pos1_nd4_pos1,","GTR+F+I+G4: cyb_pos2_nd4_pos2,","TIM2+F+ASC+G4: cyb_pos3,","TN+F+ASC+G4: nd4_pos3;",NA,NA,NA,NA,NA,NA,NA
"138","output/merge31.nex.best_scheme.nex","TVMe+I+G4: sia_pos1_bdnf_pos2_bdnf_pos3_nxc_pos1,","TIM3e+I+G4: sia_pos2_nxc_pos2,","TN+F+I+G4: sia_pos3,","K2P+G4: bdnf_pos1_nxc_pos3,","GTR+F+I+G4: cyb_pos1_nd4_pos1,","GTR+F+I+G4: cyb_pos2_nd4_pos2,","TIM2+F+ASC+G4: cyb_pos3,","TN+F+ASC: nd4_pos3;",NA,NA,NA,NA,NA,NA,NA
"139","output/merge98.nex.best_scheme.nex","TVMe+I+G4: sia_pos1_bdnf_pos2_bdnf_pos3_nxc_pos1,","TIM3e+I+G4: sia_pos2_nxc_pos2,","TN+F+I+G4: sia_pos3,","K2P+G4: bdnf_pos1_nxc_pos3,","GTR+F+I+G4: cyb_pos1_nd4_pos1,","GTR+F+I+G4: cyb_pos2_nd4_pos2,","TIM2+F+ASC+G4: cyb_pos3,","TN+F+ASC: nd4_pos3;",NA,NA,NA,NA,NA,NA,NA
"140","output_nomerge/nomerge03.nex.best_scheme.nex","TNe+I+G4: sia_pos1,","JC+I+G4: sia_pos2,","TN+F+G4: sia_pos3,","K2P+G4: bdnf_pos1,","TVMe+I+G4: bdnf_pos2,","TIMe+I+G4: bdnf_pos3,","TIM2+F+I+G4: nxc_pos1,","TIM3e+I+G4: nxc_pos2,","TN+F+G4: nxc_pos3,","TIM2e+I+G4: cyb_pos1,","GTR+F+I+G4: cyb_pos2,","TIM2+F+ASC+G4: cyb_pos3,","TIM2+F+I+G4: nd4_pos1,","GTR+F+I+G4: nd4_pos2,","TN+F+ASC: nd4_pos3;"
"141","output/merge12.nex.best_scheme.nex","SYM+I+G4: sia_pos1_bdnf_pos2_nxc_pos1,","GTR+F+I+G4: sia_pos2_bdnf_pos3_nxc_pos2,","TN+F+I+G4: sia_pos3,","K2P+G4: bdnf_pos1_nxc_pos3,","GTR+F+I+G4: cyb_pos1_nd4_pos1,","GTR+F+I+G4: cyb_pos2_nd4_pos2,","GTR+F+G4: cyb_pos3,","TN+F+ASC: nd4_pos3;",NA,NA,NA,NA,NA,NA,NA
"142","output_nomerge/nomerge93.nex.best_scheme.nex","TNe+I+G4: sia_pos1,","JC+I+G4: sia_pos2,","TN+F+G4: sia_pos3,","K2P+I+G4: bdnf_pos1,","TVMe+I+G4: bdnf_pos2,","TIMe+I+G4: bdnf_pos3,","TIM2+F+I+G4: nxc_pos1,","TIM3e+I+G4: nxc_pos2,","TN+F+G4: nxc_pos3,","TPM2+I+G4: cyb_pos1,","GTR+F+I+G4: cyb_pos2,","TIM2+F+ASC+G4: cyb_pos3,","TIM2+F+I+G4: nd4_pos1,","GTR+F+I+G4: nd4_pos2,","TN+F+ASC: nd4_pos3;"
"143","output/merge37.nex.best_scheme.nex","SYM+I+G4: sia_pos1_bdnf_pos2_nxc_pos1,","GTR+F+I+G4: sia_pos2_bdnf_pos3_nxc_pos2,","HKY+F+I+G4: sia_pos3_bdnf_pos1,","TN+F+G4: nxc_pos3,","GTR+F+I+G4: cyb_pos1_nd4_pos1,","GTR+F+I+G4: cyb_pos2_nd4_pos2,","TIM2+F+ASC+G4: cyb_pos3,","TN+F+ASC: nd4_pos3;",NA,NA,NA,NA,NA,NA,NA
"144","output/merge09.nex.best_scheme.nex","SYM+I+G4: sia_pos1_bdnf_pos2_nxc_pos1,","GTR+F+I+G4: sia_pos2_bdnf_pos3_nxc_pos2,","HKY+F+I+G4: sia_pos3_bdnf_pos1,","TN+F+G4: nxc_pos3,","GTR+F+I+G4: cyb_pos1_nd4_pos1,","GTR+F+I+G4: cyb_pos2_nd4_pos2,","TIM2+F+ASC+G4: cyb_pos3,","TN+F+ASC: nd4_pos3;",NA,NA,NA,NA,NA,NA,NA
"145","output/merge08.nex.best_scheme.nex","SYM+I+G4: sia_pos1_bdnf_pos2_nxc_pos1,","GTR+F+I+G4: sia_pos2_bdnf_pos3_nxc_pos2,","HKY+F+I+G4: sia_pos3_bdnf_pos1,","TN+F+G4: nxc_pos3,","GTR+F+I+G4: cyb_pos1_nd4_pos1,","GTR+F+I+G4: cyb_pos2_nd4_pos2,","TIM2+F+ASC+G4: cyb_pos3,","TN+F+ASC: nd4_pos3;",NA,NA,NA,NA,NA,NA,NA
"146","output_nomerge/nomerge66.nex.best_scheme.nex","TNe+I+G4: sia_pos1,","JC+I+G4: sia_pos2,","TN+F+I+G4: sia_pos3,","K2P+I+G4: bdnf_pos1,","TVMe+I+G4: bdnf_pos2,","TIMe+I+G4: bdnf_pos3,","TIM2+F+I+G4: nxc_pos1,","TIM3e+I+G4: nxc_pos2,","TN+F+G4: nxc_pos3,","TIM2e+I+G4: cyb_pos1,","GTR+F+I+G4: cyb_pos2,","TIM2+F+ASC+G4: cyb_pos3,","TIM2+F+I+G4: nd4_pos1,","GTR+F+I+G4: nd4_pos2,","TN+F+ASC: nd4_pos3;"
"147","output_nomerge/nomerge61.nex.best_scheme.nex","TNe+I+G4: sia_pos1,","JC+I+G4: sia_pos2,","TN+F+G4: sia_pos3,","K2P+I+G4: bdnf_pos1,","TVMe+I+G4: bdnf_pos2,","TIMe+I+G4: bdnf_pos3,","TIM2+F+I+G4: nxc_pos1,","GTR+F+I+G4: nxc_pos2,","TN+F+G4: nxc_pos3,","TIM2e+I+G4: cyb_pos1,","GTR+F+I+G4: cyb_pos2,","TIM2+F+ASC+G4: cyb_pos3,","TIM2+F+I+G4: nd4_pos1,","GTR+F+I+G4: nd4_pos2,","TN+F+ASC: nd4_pos3;"
"148","output_nomerge/nomerge71.nex.best_scheme.nex","TNe+I+G4: sia_pos1,","JC+I+G4: sia_pos2,","TN+F+I+G4: sia_pos3,","K2P+G4: bdnf_pos1,","TVMe+I+G4: bdnf_pos2,","TIMe+I+G4: bdnf_pos3,","TIM2+F+I+G4: nxc_pos1,","TIM3e+I+G4: nxc_pos2,","TN+F+G4: nxc_pos3,","TIM2e+I+G4: cyb_pos1,","GTR+F+I+G4: cyb_pos2,","TIM2+F+ASC+G4: cyb_pos3,","TIM2+F+I+G4: nd4_pos1,","GTR+F+I+G4: nd4_pos2,","TN+F+ASC: nd4_pos3;"
"149","output_nomerge/nomerge47.nex.best_scheme.nex","TNe+I+G4: sia_pos1,","JC+I+G4: sia_pos2,","TN+F+I+G4: sia_pos3,","K2P+I+G4: bdnf_pos1,","TVMe+I+G4: bdnf_pos2,","TIMe+I+G4: bdnf_pos3,","TIM2+F+I+G4: nxc_pos1,","TIM3+F+I+G4: nxc_pos2,","TN+F+G4: nxc_pos3,","TIM2e+I+G4: cyb_pos1,","GTR+F+I+G4: cyb_pos2,","TIM2+F+ASC+G4: cyb_pos3,","TIM2+F+I+G4: nd4_pos1,","GTR+F+I+G4: nd4_pos2,","TN+F+ASC: nd4_pos3;"
"150","output_nomerge/nomerge88.nex.best_scheme.nex","TNe+I+G4: sia_pos1,","JC+I+G4: sia_pos2,","TN+F+I+G4: sia_pos3,","K2P+I+G4: bdnf_pos1,","TVMe+I+G4: bdnf_pos2,","TIMe+I+G4: bdnf_pos3,","TIM2+F+I+G4: nxc_pos1,","TIM3e+I+G4: nxc_pos2,","TN+F+G4: nxc_pos3,","TIM2e+I+G4: cyb_pos1,","GTR+F+I+G4: cyb_pos2,","TIM2+F+ASC: cyb_pos3,","TIM2+F+I+G4: nd4_pos1,","GTR+F+I+G4: nd4_pos2,","TN+F+ASC+G4: nd4_pos3;"
"151","output/merge62.nex.best_scheme.nex","SYM+I+G4: sia_pos1_bdnf_pos2_bdnf_pos3_nxc_pos1,","TIM3e+I+G4: sia_pos2_nxc_pos2,","TN+F+I+G4: sia_pos3,","K2P+G4: bdnf_pos1_nxc_pos3,","GTR+F+I+G4: cyb_pos1_nd4_pos1,","GTR+F+I+G4: cyb_pos2_nd4_pos2,","TIM2+F+ASC+G4: cyb_pos3,","TN+F+ASC: nd4_pos3;",NA,NA,NA,NA,NA,NA,NA
"152","output/merge24.nex.best_scheme.nex","SYM+I+G4: sia_pos1_bdnf_pos2_bdnf_pos3_nxc_pos1,","TIM3e+I+G4: sia_pos2_nxc_pos2,","TN+F+I+G4: sia_pos3,","K2P+G4: bdnf_pos1_nxc_pos3,","GTR+F+I+G4: cyb_pos1_nd4_pos1,","GTR+F+I+G4: cyb_pos2_nd4_pos2,","TIM2+F+ASC+G4: cyb_pos3,","TN+F+ASC: nd4_pos3;",NA,NA,NA,NA,NA,NA,NA
"153","output/merge67.nex.best_scheme.nex","K2P+I+G4: sia_pos1_sia_pos2_nxc_pos2,","HKY+F+I+G4: sia_pos3_bdnf_pos1,","TVMe+I+G4: bdnf_pos2_bdnf_pos3_nxc_pos1,","TN+F+G4: nxc_pos3,","GTR+F+I+G4: cyb_pos1_nd4_pos1,","GTR+F+I+G4: cyb_pos2_nd4_pos2,","TIM2+F+ASC+G4: cyb_pos3,","TN+F+ASC: nd4_pos3;",NA,NA,NA,NA,NA,NA,NA
"154","output/merge50.nex.best_scheme.nex","SYM+I+G4: sia_pos1_bdnf_pos2_bdnf_pos3_nxc_pos1,","TIM3e+I+G4: sia_pos2_nxc_pos2,","TN+F+I+G4: sia_pos3,","TNe+I+G4: bdnf_pos1_nxc_pos3,","GTR+F+I+G4: cyb_pos1_nd4_pos1,","GTR+F+I+G4: cyb_pos2_nd4_pos2,","TIM2+F+ASC+G4: cyb_pos3,","TN+F+ASC: nd4_pos3;",NA,NA,NA,NA,NA,NA,NA
"155","output/merge04.nex.best_scheme.nex","K2P+I+G4: sia_pos1_sia_pos2_nxc_pos2,","HKY+F+I+G4: sia_pos3_bdnf_pos1,","TVMe+I+G4: bdnf_pos2_bdnf_pos3_nxc_pos1,","TN+F+G4: nxc_pos3,","GTR+F+I+G4: cyb_pos1_nd4_pos1,","GTR+F+I+G4: cyb_pos2_nd4_pos2,","GTR+F+G4: cyb_pos3,","TN+F+ASC: nd4_pos3;",NA,NA,NA,NA,NA,NA,NA
"156","output/merge39.nex.best_scheme.nex","SYM+I+G4: sia_pos1_bdnf_pos2_nxc_pos1,","GTR+F+I+G4: sia_pos2_bdnf_pos3_nxc_pos2,","TN+F+I+G4: sia_pos3,","TNe+I+G4: bdnf_pos1_nxc_pos3,","GTR+F+I+G4: cyb_pos1_nd4_pos1,","GTR+F+I+G4: cyb_pos2_nd4_pos2,","TIM2+F+ASC+G4: cyb_pos3,","TN+F+ASC: nd4_pos3;",NA,NA,NA,NA,NA,NA,NA
"157","output/merge27.nex.best_scheme.nex","GTR+F+I+G4: sia_pos1_bdnf_pos2_nxc_pos1,","GTR+F+I+G4: sia_pos2_bdnf_pos3_nxc_pos2,","TN+F+I+G4: sia_pos3,","TNe+I+G4: bdnf_pos1_nxc_pos3,","GTR+F+I+G4: cyb_pos1_nd4_pos1,","GTR+F+I+G4: cyb_pos2_nd4_pos2,","TIM2+F+ASC+G4: cyb_pos3,","TN+F+ASC: nd4_pos3;",NA,NA,NA,NA,NA,NA,NA
"158","output_nomerge/nomerge58.nex.best_scheme.nex","TNe+I+G4: sia_pos1,","JC+I+G4: sia_pos2,","TN+F+I+G4: sia_pos3,","K2P+I+G4: bdnf_pos1,","TVMe+I+G4: bdnf_pos2,","TIMe+I+G4: bdnf_pos3,","TIM2+F+I+G4: nxc_pos1,","TIM3e+I+G4: nxc_pos2,","TN+F+G4: nxc_pos3,","TIM2e+I+G4: cyb_pos1,","GTR+F+I+G4: cyb_pos2,","TIM2+F+ASC+G4: cyb_pos3,","TIM2+F+I+G4: nd4_pos1,","GTR+F+I+G4: nd4_pos2,","TN+F+ASC: nd4_pos3;"
"159","output/merge52.nex.best_scheme.nex","SYM+I+G4: sia_pos1_bdnf_pos2_bdnf_pos3_nxc_pos1,","SYM+I+G4: sia_pos2_nxc_pos2,","HKY+F+I+G4: sia_pos3_bdnf_pos1,","TN+F+G4: nxc_pos3,","GTR+F+I+G4: cyb_pos1_nd4_pos1,","GTR+F+I+G4: cyb_pos2_nd4_pos2,","GTR+F+G4: cyb_pos3,","TN+F+ASC: nd4_pos3;",NA,NA,NA,NA,NA,NA,NA
"160","output/merge02.nex.best_scheme.nex","TVMe+I+G4: sia_pos1_sia_pos2_bdnf_pos2_bdnf_pos3_nxc_pos1,","TN+F+I+G4: sia_pos3,","TNe+I+G4: bdnf_pos1_nxc_pos3,","GTR+F+I+G4: nxc_pos2,","GTR+F+I+G4: cyb_pos1_nd4_pos1,","GTR+F+I+G4: cyb_pos2_nd4_pos2,","TIM2+F+ASC+G4: cyb_pos3,","TN+F+ASC: nd4_pos3;",NA,NA,NA,NA,NA,NA,NA
"161","output/merge03.nex.best_scheme.nex","SYM+I+G4: sia_pos1_sia_pos2_bdnf_pos2_nxc_pos1,","TN+F+I+G4: sia_pos3,","TNe+I+G4: bdnf_pos1_nxc_pos3,","GTR+F+I+G4: bdnf_pos3_nxc_pos2,","GTR+F+I+G4: cyb_pos1_nd4_pos1,","GTR+F+I+G4: cyb_pos2_nd4_pos2,","TIM2+F+ASC+G4: cyb_pos3,","TN+F+ASC: nd4_pos3;",NA,NA,NA,NA,NA,NA,NA
"162","output/merge83.nex.best_scheme.nex","K2P+I+G4: sia_pos1_sia_pos2_bdnf_pos3_nxc_pos2,","HKY+F+I+G4: sia_pos3_bdnf_pos1,","GTR+F+I+G4: bdnf_pos2_nxc_pos1,","TN+F+G4: nxc_pos3,","GTR+F+I+G4: cyb_pos1_nd4_pos1,","GTR+F+I+G4: cyb_pos2_nd4_pos2,","TIM2+F+ASC+G4: cyb_pos3,","TN+F+ASC: nd4_pos3;",NA,NA,NA,NA,NA,NA,NA
"163","output/merge78.nex.best_scheme.nex","K2P+I+G4: sia_pos1_sia_pos2_nxc_pos2,","HKY+F+I+G4: sia_pos3_bdnf_pos1,","TVMe+I+G4: bdnf_pos2_bdnf_pos3_nxc_pos1,","TN+F+G4: nxc_pos3,","GTR+F+I+G4: cyb_pos1_nd4_pos1,","GTR+F+I+G4: cyb_pos2_nd4_pos2,","GTR+F+G4: cyb_pos3,","TN+F+ASC: nd4_pos3;",NA,NA,NA,NA,NA,NA,NA
"164","output_nomerge/nomerge13.nex.best_scheme.nex","TNe+I+G4: sia_pos1,","JC+I+G4: sia_pos2,","TN+F+I+G4: sia_pos3,","K2P+I+G4: bdnf_pos1,","TVMe+I+G4: bdnf_pos2,","TIMe+I+G4: bdnf_pos3,","TIM2+F+I+G4: nxc_pos1,","TIM3e+I+G4: nxc_pos2,","TN+F+G4: nxc_pos3,","TPM2+I+G4: cyb_pos1,","GTR+F+I+G4: cyb_pos2,","TIM2+F+ASC+G4: cyb_pos3,","TIM2+F+I+G4: nd4_pos1,","GTR+F+I+G4: nd4_pos2,","TN+F+ASC: nd4_pos3;"
"165","output/merge06.nex.best_scheme.nex","K2P+I+G4: sia_pos1_sia_pos2_nxc_pos2,","TN+F+I+G4: sia_pos3,","TNe+I+G4: bdnf_pos1_nxc_pos3,","TVMe+I+G4: bdnf_pos2_bdnf_pos3_nxc_pos1,","GTR+F+I+G4: cyb_pos1_nd4_pos1,","GTR+F+I+G4: cyb_pos2_nd4_pos2,","TIM2+F+ASC+G4: cyb_pos3,","TN+F+ASC: nd4_pos3;",NA,NA,NA,NA,NA,NA,NA
"166","output/merge68.nex.best_scheme.nex","SYM+I+G4: sia_pos1_sia_pos2_bdnf_pos2_nxc_pos1,","HKY+F+I+G4: sia_pos3_bdnf_pos1,","GTR+F+I+G4: bdnf_pos3_nxc_pos2,","TN+F+G4: nxc_pos3,","GTR+F+I+G4: cyb_pos1_nd4_pos1,","GTR+F+I+G4: cyb_pos2_nd4_pos2,","TIM2+F+ASC+G4: cyb_pos3,","TN+F+ASC: nd4_pos3;",NA,NA,NA,NA,NA,NA,NA
"167","output/merge35.nex.best_scheme.nex","TIMe+I+G4: sia_pos1_sia_pos2_bdnf_pos3_nxc_pos2,","TN+F+G4: sia_pos3,","TNe+I+G4: bdnf_pos1_nxc_pos3,","GTR+F+I+G4: bdnf_pos2_nxc_pos1,","GTR+F+I+G4: cyb_pos1_nd4_pos1,","GTR+F+I+G4: cyb_pos2_nd4_pos2,","TIM2+F+ASC+G4: cyb_pos3,","TN+F+ASC: nd4_pos3;",NA,NA,NA,NA,NA,NA,NA
"168","output/merge38.nex.best_scheme.nex","TVMe+I+G4: sia_pos1_sia_pos2_bdnf_pos2_bdnf_pos3_nxc_pos1,","HKY+F+I+G4: sia_pos3_bdnf_pos1,","TIM3e+I+G4: nxc_pos2,","TN+F+G4: nxc_pos3,","GTR+F+I+G4: cyb_pos1_nd4_pos1,","GTR+F+I+G4: cyb_pos2_nd4_pos2,","TIM2+F+ASC+G4: cyb_pos3,","TN+F+ASC: nd4_pos3;",NA,NA,NA,NA,NA,NA,NA
"169","output/merge45.nex.best_scheme.nex","K2P+I+G4: sia_pos1_sia_pos2_bdnf_pos3_nxc_pos2,","TN+F+I+G4: sia_pos3,","TNe+I+G4: bdnf_pos1_nxc_pos3,","GTR+F+I+G4: bdnf_pos2_nxc_pos1,","GTR+F+I+G4: cyb_pos1_nd4_pos1,","GTR+F+I+G4: cyb_pos2_nd4_pos2,","TIM2+F+ASC+G4: cyb_pos3,","TN+F+ASC: nd4_pos3;",NA,NA,NA,NA,NA,NA,NA
"170","output/merge44.nex.best_scheme.nex","SYM+I+G4: sia_pos1_sia_pos2_bdnf_pos2_nxc_pos1,","TN+F+I+G4: sia_pos3,","TNe+I+G4: bdnf_pos1_nxc_pos3,","GTR+F+I+G4: bdnf_pos3_nxc_pos2,","GTR+F+I+G4: cyb_pos1_nd4_pos1,","GTR+F+I+G4: cyb_pos2_nd4_pos2,","TIM2+F+ASC+G4: cyb_pos3,","TN+F+ASC: nd4_pos3;",NA,NA,NA,NA,NA,NA,NA
"171","output/merge97.nex.best_scheme.nex","SYM+I+G4: sia_pos1_bdnf_pos2_bdnf_pos3_nxc_pos1,","TIM3e+I+G4: sia_pos2_nxc_pos2,","TN+F+I+G4: sia_pos3,","TNe+I+G4: bdnf_pos1_nxc_pos3,","GTR+F+I+G4: cyb_pos1_nd4_pos1,","GTR+F+I+G4: cyb_pos2_nd4_pos2,","TIM2+F+ASC: cyb_pos3,","TN+F+ASC+G4: nd4_pos3;",NA,NA,NA,NA,NA,NA,NA
"172","output/merge96.nex.best_scheme.nex","K2P+I+G4: sia_pos1_sia_pos2_nxc_pos2,","TN+F+I+G4: sia_pos3,","K2P+G4: bdnf_pos1_nxc_pos3,","TVMe+I+G4: bdnf_pos2_bdnf_pos3_nxc_pos1,","GTR+F+I+G4: cyb_pos1_nd4_pos1,","GTR+F+I+G4: cyb_pos2_nd4_pos2,","TIM2+F+ASC+G4: cyb_pos3,","TN+F+ASC: nd4_pos3;",NA,NA,NA,NA,NA,NA,NA
"173","output/merge22.nex.best_scheme.nex","SYM+I+G4: sia_pos1_sia_pos2_bdnf_pos2_nxc_pos1,","TN+F+I+G4: sia_pos3,","TNe+I+G4: bdnf_pos1_nxc_pos3,","GTR+F+I+G4: bdnf_pos3_nxc_pos2,","GTR+F+I+G4: cyb_pos1_nd4_pos1,","GTR+F+I+G4: cyb_pos2_nd4_pos2,","TIM2+F+ASC+G4: cyb_pos3,","TN+F+ASC: nd4_pos3;",NA,NA,NA,NA,NA,NA,NA
"174","output_nomerge/nomerge99.nex.best_scheme.nex","TNe+I+G4: sia_pos1,","JC+I+G4: sia_pos2,","TN+F+G4: sia_pos3,","K2P+I+G4: bdnf_pos1,","TVMe+I+G4: bdnf_pos2,","TIMe+I+G4: bdnf_pos3,","TIM2+F+I+G4: nxc_pos1,","TIM3+F+I+G4: nxc_pos2,","TN+F+G4: nxc_pos3,","TIM2e+I+G4: cyb_pos1,","GTR+F+I+G4: cyb_pos2,","TIM2+F+ASC: cyb_pos3,","TIM2+F+I+G4: nd4_pos1,","GTR+F+I+G4: nd4_pos2,","TN+F+ASC+G4: nd4_pos3;"
"175","output/merge10.nex.best_scheme.nex","TVMe+I+G4: sia_pos1_sia_pos2_bdnf_pos2_bdnf_pos3_nxc_pos1,","TN+F+I+G4: sia_pos3,","TNe+I+G4: bdnf_pos1_nxc_pos3,","GTR+F+I+G4: nxc_pos2,","GTR+F+I+G4: cyb_pos1_nd4_pos1,","GTR+F+I+G4: cyb_pos2_nd4_pos2,","GTR+F+G4: cyb_pos3,","TN+F+ASC: nd4_pos3;",NA,NA,NA,NA,NA,NA,NA
"176","output/merge71.nex.best_scheme.nex","K2P+I+G4: sia_pos1_sia_pos2_nxc_pos2,","HKY+F+I+G4: sia_pos3_bdnf_pos1,","TVMe+I+G4: bdnf_pos2_bdnf_pos3_nxc_pos1,","TN+F+G4: nxc_pos3,","GTR+F+I+G4: cyb_pos1_nd4_pos1,","GTR+F+I+G4: cyb_pos2_nd4_pos2,","TIM2+F+ASC+G4: cyb_pos3,","TN+F+ASC: nd4_pos3;",NA,NA,NA,NA,NA,NA,NA
"177","output/merge29.nex.best_scheme.nex","K2P+I+G4: sia_pos1_sia_pos2_nxc_pos2,","HKY+F+I+G4: sia_pos3_bdnf_pos1,","TVMe+I+G4: bdnf_pos2_bdnf_pos3_nxc_pos1,","TN+F+G4: nxc_pos3,","GTR+F+I+G4: cyb_pos1_nd4_pos1,","GTR+F+I+G4: cyb_pos2_nd4_pos2,","TIM2+F+ASC+G4: cyb_pos3,","TN+F+ASC: nd4_pos3;",NA,NA,NA,NA,NA,NA,NA
"178","output/merge80.nex.best_scheme.nex","K2P+I+G4: sia_pos1_sia_pos2_nxc_pos2,","TN+F+G4: sia_pos3,","K2P+G4: bdnf_pos1_nxc_pos3,","TVMe+I+G4: bdnf_pos2_bdnf_pos3_nxc_pos1,","GTR+F+I+G4: cyb_pos1_nd4_pos1,","GTR+F+I+G4: cyb_pos2_nd4_pos2,","TIM2+F+ASC+G4: cyb_pos3,","TN+F+ASC: nd4_pos3;",NA,NA,NA,NA,NA,NA,NA
"179","output/merge34.nex.best_scheme.nex","TVMe+I+G4: sia_pos1_sia_pos2_bdnf_pos2_bdnf_pos3_nxc_pos1,","TN+F+G4: sia_pos3,","K2P+G4: bdnf_pos1_nxc_pos3,","TIM3e+I+G4: nxc_pos2,","GTR+F+I+G4: cyb_pos1_nd4_pos1,","GTR+F+I+G4: cyb_pos2_nd4_pos2,","TIM2+F+ASC+G4: cyb_pos3,","TN+F+ASC: nd4_pos3;",NA,NA,NA,NA,NA,NA,NA
"180","output/merge30.nex.best_scheme.nex","K2P+I+G4: sia_pos1_sia_pos2_nxc_pos2,","HKY+F+I+G4: sia_pos3_bdnf_pos1,","TVMe+I+G4: bdnf_pos2_bdnf_pos3_nxc_pos1,","TN+F+G4: nxc_pos3,","TIM2+F+I+G4: cyb_pos1_nd4_pos1,","GTR+F+I+G4: cyb_pos2_nd4_pos2,","TIM2+F+ASC+G4: cyb_pos3,","TN+F+ASC: nd4_pos3;",NA,NA,NA,NA,NA,NA,NA
"181","output_nomerge/nomerge70.nex.best_scheme.nex","TNe+I+G4: sia_pos1,","JC+I+G4: sia_pos2,","TN+F+I+G4: sia_pos3,","K2P+I+G4: bdnf_pos1,","TVMe+I+G4: bdnf_pos2,","TIMe+I+G4: bdnf_pos3,","TIM2+F+I+G4: nxc_pos1,","TIM3e+I+G4: nxc_pos2,","TN+F+G4: nxc_pos3,","TPM2+I+G4: cyb_pos1,","GTR+F+I+G4: cyb_pos2,","TIM2+F+ASC+G4: cyb_pos3,","TIM2+F+I+G4: nd4_pos1,","GTR+F+I+G4: nd4_pos2,","TN+F+ASC: nd4_pos3;"
"182","output/merge41.nex.best_scheme.nex","K2P+I+G4: sia_pos1_sia_pos2_nxc_pos2,","TN+F+I+G4: sia_pos3,","TNe+I+G4: bdnf_pos1_nxc_pos3,","TVMe+I+G4: bdnf_pos2_bdnf_pos3_nxc_pos1,","GTR+F+I+G4: cyb_pos1_nd4_pos1,","GTR+F+I+G4: cyb_pos2_nd4_pos2,","TIM2+F+ASC+G4: cyb_pos3,","TN+F+ASC: nd4_pos3;",NA,NA,NA,NA,NA,NA,NA
"183","output/merge43.nex.best_scheme.nex","K2P+I+G4: sia_pos1_sia_pos2_bdnf_pos3_nxc_pos2,","HKY+F+I+G4: sia_pos3_bdnf_pos1,","GTR+F+I+G4: bdnf_pos2_nxc_pos1,","TN+F+G4: nxc_pos3,","GTR+F+I+G4: cyb_pos1_nd4_pos1,","GTR+F+I+G4: cyb_pos2_nd4_pos2,","TIM2+F+ASC+G4: cyb_pos3,","TN+F+ASC: nd4_pos3;",NA,NA,NA,NA,NA,NA,NA
"184","output/merge15.nex.best_scheme.nex","K2P+I+G4: sia_pos1_sia_pos2_nxc_pos2,","TN+F+I+G4: sia_pos3_bdnf_pos1,","TVMe+I+G4: bdnf_pos2_bdnf_pos3_nxc_pos1,","TN+F+G4: nxc_pos3,","GTR+F+I+G4: cyb_pos1_nd4_pos1,","GTR+F+I+G4: cyb_pos2_nd4_pos2,","TIM2+F+ASC+G4: cyb_pos3,","TN+F+ASC: nd4_pos3;",NA,NA,NA,NA,NA,NA,NA
"185","output/merge51.nex.best_scheme.nex","GTR+F+I+G4: sia_pos1_bdnf_pos2_nxc_pos1,","GTR+F+I+G4: sia_pos2_bdnf_pos3_nxc_pos2,","HKY+F+I+G4: sia_pos3_bdnf_pos1,","TN+F+G4: nxc_pos3,","GTR+F+I+G4: cyb_pos1_nd4_pos1,","GTR+F+I+G4: cyb_pos2_nd4_pos2,","TIM2+F+ASC+G4: cyb_pos3,","TN+F+ASC: nd4_pos3;",NA,NA,NA,NA,NA,NA,NA
"186","output/merge85.nex.best_scheme.nex","K2P+I+G4: sia_pos1_sia_pos2_nxc_pos2,","TN+F+I+G4: sia_pos3,","TNe+I+G4: bdnf_pos1_nxc_pos3,","TVMe+I+G4: bdnf_pos2_bdnf_pos3_nxc_pos1,","GTR+F+I+G4: cyb_pos1_nd4_pos1,","GTR+F+I+G4: cyb_pos2_nd4_pos2,","TIM2+F+ASC+G4: cyb_pos3,","TN+F+ASC: nd4_pos3;",NA,NA,NA,NA,NA,NA,NA
"187","output_nomerge/nomerge35.nex.best_scheme.nex","TNe+I+G4: sia_pos1,","JC+I+G4: sia_pos2,","TN+F+I+G4: sia_pos3,","K2P+I+G4: bdnf_pos1,","TVM+F+I+G4: bdnf_pos2,","TIMe+I+G4: bdnf_pos3,","TIM2+F+I+G4: nxc_pos1,","TIM3e+I+G4: nxc_pos2,","TN+F+G4: nxc_pos3,","TPM2+I+G4: cyb_pos1,","GTR+F+I+G4: cyb_pos2,","TIM2+F+ASC+G4: cyb_pos3,","TIM2+F+I+G4: nd4_pos1,","GTR+F+I+G4: nd4_pos2,","TN+F+ASC: nd4_pos3;"
"188","output/merge33.nex.best_scheme.nex","TVMe+I+G4: sia_pos1_sia_pos2_bdnf_pos2_bdnf_pos3_nxc_pos1,","TN+F+I+G4: sia_pos3,","K2P+I+G4: bdnf_pos1_nxc_pos3,","TIM3e+I+G4: nxc_pos2,","GTR+F+I+G4: cyb_pos1_nd4_pos1,","GTR+F+I+G4: cyb_pos2_nd4_pos2,","TIM2+F+ASC: cyb_pos3,","TN+F+ASC+G4: nd4_pos3;",NA,NA,NA,NA,NA,NA,NA
"189","output/merge28.nex.best_scheme.nex","SYM+I+G4: sia_pos1_sia_pos2_bdnf_pos2_nxc_pos1,","TN+F+I+G4: sia_pos3,","TNe+I+G4: bdnf_pos1_nxc_pos3,","GTR+F+I+G4: bdnf_pos3_nxc_pos2,","GTR+F+I+G4: cyb_pos1_nd4_pos1,","GTR+F+I+G4: cyb_pos2_nd4_pos2,","TIM2+F+ASC+G4: cyb_pos3,","TN+F+ASC: nd4_pos3;",NA,NA,NA,NA,NA,NA,NA
"190","output/merge87.nex.best_scheme.nex","SYM+I+G4: sia_pos1_bdnf_pos2_nxc_pos1,","TIMe+I+G4: sia_pos2_bdnf_pos3_nxc_pos2,","TN+F+I+G4: sia_pos3,","TNe+I+G4: bdnf_pos1_nxc_pos3,","GTR+F+I+G4: cyb_pos1_nd4_pos1,","GTR+F+I+G4: cyb_pos2_nd4_pos2,","TIM2+F+ASC+G4: cyb_pos3,","TN+F+ASC: nd4_pos3;",NA,NA,NA,NA,NA,NA,NA
"191","output/merge42.nex.best_scheme.nex","SYM+I+G4: sia_pos1_bdnf_pos2_nxc_pos1,","GTR+F+I+G4: sia_pos2_bdnf_pos3_nxc_pos2,","HKY+F+I+G4: sia_pos3_bdnf_pos1,","TN+F+G4: nxc_pos3,","GTR+F+I+G4: cyb_pos1_nd4_pos1,","GTR+F+I+G4: cyb_pos2_nd4_pos2,","TIM2+F+ASC+G4: cyb_pos3,","TN+F+ASC: nd4_pos3;",NA,NA,NA,NA,NA,NA,NA
"192","output/merge94.nex.best_scheme.nex","K2P+I+G4: sia_pos1_sia_pos2_bdnf_pos3_nxc_pos2,","TN+F+I+G4: sia_pos3_bdnf_pos1,","GTR+F+I+G4: bdnf_pos2_nxc_pos1,","TIM+F+G4: nxc_pos3,","GTR+F+I+G4: cyb_pos1_nd4_pos1,","GTR+F+I+G4: cyb_pos2_nd4_pos2,","TIM2+F+ASC+G4: cyb_pos3,","TN+F+ASC: nd4_pos3;",NA,NA,NA,NA,NA,NA,NA
"193","output/merge18.nex.best_scheme.nex","TVMe+I+G4: sia_pos1_sia_pos2_bdnf_pos2_bdnf_pos3_nxc_pos1,","TN+F+I+G4: sia_pos3,","TNe+I+G4: bdnf_pos1_nxc_pos3,","GTR+F+I+G4: nxc_pos2,","GTR+F+I+G4: cyb_pos1_nd4_pos1,","GTR+F+I+G4: cyb_pos2_nd4_pos2,","TIM2+F+ASC+G4: cyb_pos3,","TN+F+ASC: nd4_pos3;",NA,NA,NA,NA,NA,NA,NA
"194","output_nomerge/nomerge75.nex.best_scheme.nex","TNe+I+G4: sia_pos1,","JC+I+G4: sia_pos2,","TN+F+G4: sia_pos3,","K2P+I+G4: bdnf_pos1,","TVMe+I+G4: bdnf_pos2,","TIMe+I+G4: bdnf_pos3,","TIM2+F+I+G4: nxc_pos1,","TIM3+F+I+G4: nxc_pos2,","TN+F+G4: nxc_pos3,","TIM2e+I+G4: cyb_pos1,","GTR+F+I+G4: cyb_pos2,","TIM2+F+ASC: cyb_pos3,","TIM2+F+I+G4: nd4_pos1,","GTR+F+I+G4: nd4_pos2,","TN+F+ASC: nd4_pos3;"
"195","output_nomerge/nomerge78.nex.best_scheme.nex","TNe+I+G4: sia_pos1,","JC+I+G4: sia_pos2,","TIM3e+G4: sia_pos3,","K2P+I+G4: bdnf_pos1,","TVMe+I+G4: bdnf_pos2,","TIMe+I+G4: bdnf_pos3,","TIM2+F+I+G4: nxc_pos1,","GTR+F+I+G4: nxc_pos2,","TN+F+G4: nxc_pos3,","TIM2e+I+G4: cyb_pos1,","GTR+F+I+G4: cyb_pos2,","TIM2+F+ASC+G4: cyb_pos3,","TIM2+F+I+G4: nd4_pos1,","GTR+F+I+G4: nd4_pos2,","TN+F+ASC: nd4_pos3;"
"196","output_nomerge/nomerge68.nex.best_scheme.nex","TNe+I+G4: sia_pos1,","JC+I+G4: sia_pos2,","TN+F+G4: sia_pos3,","K2P+I+G4: bdnf_pos1,","TVMe+I+G4: bdnf_pos2,","TIMe+I+G4: bdnf_pos3,","TIM2+F+I+G4: nxc_pos1,","TIM3+F+I+G4: nxc_pos2,","TN+F+G4: nxc_pos3,","TPM2+I+G4: cyb_pos1,","GTR+F+I+G4: cyb_pos2,","TIM2+F+ASC: cyb_pos3,","TIM2+F+I+G4: nd4_pos1,","GTR+F+I+G4: nd4_pos2,","TN+F+ASC: nd4_pos3;"
"197","output_nomerge/nomerge64.nex.best_scheme.nex","TNe+I+G4: sia_pos1,","JC+I+G4: sia_pos2,","TN+F+G4: sia_pos3,","K2P+I+G4: bdnf_pos1,","TVMe+I+G4: bdnf_pos2,","TIMe+I+G4: bdnf_pos3,","TIM2+F+I+G4: nxc_pos1,","GTR+F+I+G4: nxc_pos2,","TN+F+G4: nxc_pos3,","TPM2+I+G4: cyb_pos1,","GTR+F+I+G4: cyb_pos2,","TIM2+F+ASC: cyb_pos3,","TIM2+F+I+G4: nd4_pos1,","GTR+F+I+G4: nd4_pos2,","TN+F+ASC: nd4_pos3;"
"198","output_nomerge/nomerge69.nex.best_scheme.nex","TNe+I+G4: sia_pos1,","JC+I+G4: sia_pos2,","TN+F+I+G4: sia_pos3,","K2P+I+G4: bdnf_pos1,","TVMe+I+G4: bdnf_pos2,","TIMe+I+G4: bdnf_pos3,","TIM2+F+I+G4: nxc_pos1,","TIM3e+I+G4: nxc_pos2,","TN+F+G4: nxc_pos3,","TIM2e+I+G4: cyb_pos1,","GTR+F+I+G4: cyb_pos2,","TIM2+F+ASC: cyb_pos3,","TIM2+F+I+G4: nd4_pos1,","GTR+F+I+G4: nd4_pos2,","TN+F+ASC: nd4_pos3;"
"199","output/merge07.nex.best_scheme.nex","K2P+I+G4: sia_pos1_sia_pos2_nxc_pos2,","TN+F+I+G4: sia_pos3_bdnf_pos1,","TVMe+I+G4: bdnf_pos2_bdnf_pos3_nxc_pos1,","TN+F+G4: nxc_pos3,","GTR+F+I+G4: cyb_pos1_nd4_pos1,","GTR+F+I+G4: cyb_pos2_nd4_pos2,","TIM2+F+ASC: cyb_pos3,","TN+F+ASC: nd4_pos3;",NA,NA,NA,NA,NA,NA,NA
"200","output_nomerge/nomerge63.nex.best_scheme.nex","TNe+I+G4: sia_pos1,","JC+I+G4: sia_pos2,","TN+F+I+G4: sia_pos3,","K2P+I+G4: bdnf_pos1,","TVMe+I+G4: bdnf_pos2,","TIMe+I+G4: bdnf_pos3,","TIM2+F+I+G4: nxc_pos1,","TIM3e+I+G4: nxc_pos2,","TN+F+G4: nxc_pos3,","TPM2+I+G4: cyb_pos1,","GTR+F+I+G4: cyb_pos2,","TIM2+F+ASC: cyb_pos3,","TIM2+F+I+G4: nd4_pos1,","GTR+F+I+G4: nd4_pos2,","TN+F+ASC: nd4_pos3;"
